emp_no,first_name,last_name,title,from_date,to_date,recenttitle
10095,Hilari,Morton,Senior Staff,2000-03-09,9999-01-01,1
10122,Ohad,Esposito,Technique Leader,1998-08-06,9999-01-01,1
10291,Dipayan,Seghrouchni,Senior Staff,1994-03-30,9999-01-01,1
10476,Kokou,Iisaka,Senior Staff,1994-09-20,9999-01-01,1
10663,Teunis,Noriega,Technique Leader,1993-01-23,9999-01-01,1
10762,Lech,Himler,Senior Staff,1999-01-21,9999-01-01,1
10933,Juyoung,Seghrouchni,Senior Engineer,1993-08-02,9999-01-01,1
12155,Keiichiro,Glinert,Senior Engineer,2001-09-16,9999-01-01,1
12408,Rasiah,Sudkamp,Senior Engineer,1995-04-18,9999-01-01,1
12643,Morrie,Schurmann,Staff,1998-12-31,9999-01-01,1
13499,Kazuhiko,Sidou,Technique Leader,1991-09-01,9999-01-01,1
14075,Denny,Tchuente,Engineer,1998-05-30,9999-01-01,1
14104,Sudhanshu,Demian,Senior Staff,1999-07-23,9999-01-01,1
14127,Magdalena,Cannard,Senior Engineer,2002-04-22,9999-01-01,1
14158,Caolyn,Setiz,Senior Staff,1996-02-06,9999-01-01,1
14476,Sastry,Marrevee,Engineer,1999-09-25,9999-01-01,1
14907,Nakhoon,Luga,Senior Staff,1994-12-18,9999-01-01,1
15050,Nikolaos,Kruskal,Senior Engineer,1996-12-16,9999-01-01,1
15058,Bouchung,Bugrara,Senior Staff,1998-06-18,9999-01-01,1
15413,Arvin,Rabejac,Senior Engineer,2002-01-01,9999-01-01,1
16461,Remmert,Schahn,Senior Staff,1994-09-06,9999-01-01,1
16528,Gaurav,Swick,Engineer,2001-05-07,9999-01-01,1
17013,Morris,Garigliano,Senior Staff,2000-05-23,9999-01-01,1
17206,Berry,DeMori,Senior Engineer,1998-12-27,9999-01-01,1
17369,Yaghout,Kenevan,Senior Engineer,1998-01-28,9999-01-01,1
17447,Zengping,Boreale,Staff,1998-12-16,9999-01-01,1
17731,Gennady,Roison,Engineer,1997-12-06,9999-01-01,1
17970,Filipp,Carrere,Technique Leader,1989-01-09,9999-01-01,1
17988,Mabhin,Calkin,Senior Engineer,1997-11-30,9999-01-01,1
18021,Adil,Matzke,Senior Engineer,1995-05-08,9999-01-01,1
18424,Filipp,Rousseau,Senior Engineer,2002-06-07,9999-01-01,1
18583,Stafford,Honglei,Staff,1998-08-16,9999-01-01,1
18617,Surveyors,Crouzet,Senior Staff,1998-04-24,9999-01-01,1
18810,Taiji,Jarecki,Senior Engineer,1999-06-27,9999-01-01,1
19236,Elzbieta,Morris,Senior Engineer,1993-07-12,9999-01-01,1
19350,Satoru,Yoshizawa,Senior Staff,1999-03-27,9999-01-01,1
19803,Ziva,Kowalchuk,Senior Engineer,1992-06-12,9999-01-01,1
20100,Utz,Heuter,Senior Staff,1995-06-15,9999-01-01,1
20128,Kazunori,Peak,Senior Staff,1999-08-13,9999-01-01,1
20129,Rafael,Skafidas,Senior Engineer,2000-03-27,9999-01-01,1
20248,Vidar,Demri,Staff,1999-12-31,9999-01-01,1
20313,Candida,Benveniste,Engineer,1999-01-20,9999-01-01,1
20500,Christoph,Trystram,Senior Staff,1998-10-15,9999-01-01,1
20885,Otmar,Rothenberg,Senior Engineer,1996-03-14,9999-01-01,1
21181,Jianhui,Cangellaris,Engineer,1999-10-06,9999-01-01,1
21188,Piyush,Danecki,Engineer,2000-01-08,9999-01-01,1
21546,Yongmin,Lanteri,Senior Staff,1988-02-16,9999-01-01,1
21843,Karsten,Azadmanesh,Senior Engineer,1985-11-29,9999-01-01,1
21909,Mohammed,Brizzi,Senior Staff,1998-12-28,9999-01-01,1
22185,Huai,Birch,Engineer,2002-03-26,9999-01-01,1
22415,Perla,Jumpertz,Senior Staff,1994-08-24,9999-01-01,1
22451,Jasminko,Bresenham,Senior Staff,1996-12-15,9999-01-01,1
22455,Barry,Unno,Senior Staff,1999-11-16,9999-01-01,1
22926,Manibrata,Genther,Senior Engineer,1996-01-15,9999-01-01,1
23396,Hilari,Fairtlough,Technique Leader,1986-12-15,9999-01-01,1
24080,Jaana,Perez,Technique Leader,1996-03-11,9999-01-01,1
24205,Roddy,Rubsam,Senior Engineer,1993-09-19,9999-01-01,1
24377,Lubomir,Wroclawski,Senior Engineer,2000-07-25,9999-01-01,1
24394,Zhonghui,Conta,Staff,1994-09-10,9999-01-01,1
24553,Anwar,Passafiume,Senior Staff,1994-01-30,9999-01-01,1
24571,Cordelia,Gischer,Senior Engineer,1995-03-14,9999-01-01,1
25488,Ingmar,Basawa,Senior Staff,1997-11-08,9999-01-01,1
26629,Nevin,Rodham,Senior Staff,1998-12-14,9999-01-01,1
26671,Jiakeng,Kalorkoti,Senior Engineer,2001-12-25,9999-01-01,1
26788,Zongyan,Dalphin,Senior Engineer,1993-04-23,9999-01-01,1
27331,Wanqing,Krohm,Senior Staff,1999-01-22,9999-01-01,1
27378,Piyawadee,Leppanen,Senior Staff,1999-02-25,9999-01-01,1
27620,Shuji,Kandlur,Senior Engineer,1997-03-02,9999-01-01,1
27686,Manu,Rosiles,Senior Staff,1998-03-03,9999-01-01,1
27699,Falguni,Pezzoli,Engineer,1996-12-23,9999-01-01,1
27767,Tooru,Veldwijk,Senior Staff,2000-11-21,9999-01-01,1
28193,Xinglin,Mitsuhashi,Senior Engineer,1997-12-14,9999-01-01,1
28974,Chenxi,Sundgren,Senior Engineer,1986-09-02,9999-01-01,1
28988,Tua,Giveon,Technique Leader,1998-09-09,9999-01-01,1
29130,Xumin,Thorensen,Staff,1998-04-26,9999-01-01,1
29265,Gilbert,Calkin,Senior Staff,1994-03-21,9999-01-01,1
29380,Satoru,Vidal,Assistant Engineer,1998-05-02,9999-01-01,1
29418,Valery,Mersereau,Assistant Engineer,1998-07-01,9999-01-01,1
29679,Kolar,Steenbeek,Senior Engineer,1986-10-18,9999-01-01,1
29782,Jouko,Hellwagner,Senior Engineer,1994-12-21,9999-01-01,1
29954,Pranay,Giarratana,Senior Engineer,1992-09-29,9999-01-01,1
30007,Kousuke,Vecchio,Senior Engineer,1999-02-23,9999-01-01,1
30035,Tetsushi,Conta,Senior Staff,1995-07-04,9999-01-01,1
30154,Mayuko,Skafidas,Technique Leader,1999-04-19,9999-01-01,1
30182,Leon,Potthoff,Senior Engineer,1993-12-08,9999-01-01,1
30465,Randi,Avouris,Senior Engineer,1991-07-16,9999-01-01,1
30484,Sailaja,Chvatal,Staff,1999-05-18,9999-01-01,1
30695,Gudjon,Majewski,Senior Engineer,1999-10-26,9999-01-01,1
30938,Yakkov,Samarati,Senior Staff,2000-05-22,9999-01-01,1
31147,Divine,Sidhu,Senior Staff,1989-07-05,9999-01-01,1
31188,Leandro,Gist,Technique Leader,1993-02-03,9999-01-01,1
31207,Abdelwaheb,Dulin,Senior Engineer,1993-08-05,9999-01-01,1
31341,Oksana,Zultner,Senior Staff,1997-03-22,9999-01-01,1
31514,Harngdar,Schapire,Senior Engineer,2001-11-09,9999-01-01,1
31568,Mark,Lalonde,Staff,1996-11-24,9999-01-01,1
31909,Murthy,Peek,Engineer,1994-07-19,9999-01-01,1
32347,Terresa,Peres,Senior Staff,1997-09-15,9999-01-01,1
32552,Atreye,Stanger,Engineer,1999-09-10,9999-01-01,1
32649,Ingmar,Nannarelli,Senior Staff,1988-06-10,9999-01-01,1
32714,Radoslaw,Maliniak,Staff,1997-11-17,9999-01-01,1
32844,Tadahiko,Melton,Engineer,1995-01-07,9999-01-01,1
33025,Jessie,Thorelli,Senior Staff,1999-12-16,9999-01-01,1
33215,Steen,Fasbender,Technique Leader,1993-02-14,9999-01-01,1
33722,Anwar,Collette,Senior Engineer,1994-03-22,9999-01-01,1
34077,Angel,Sichman,Senior Staff,1997-11-16,9999-01-01,1
34261,Kyoichi,Callaway,Senior Staff,1996-12-29,9999-01-01,1
34446,Chinhyun,Bauknecht,Senior Engineer,1986-12-19,9999-01-01,1
34452,Naftaly,Foong,Senior Engineer,2000-05-09,9999-01-01,1
34505,Felicidad,Kumaresan,Senior Staff,2001-09-06,9999-01-01,1
34533,Erzsebet,Shigei,Senior Engineer,1991-01-21,9999-01-01,1
34780,Moni,Kohling,Staff,1994-07-21,9999-01-01,1
34788,Ennio,Babu,Senior Engineer,1994-08-31,9999-01-01,1
34936,Bokyung,Stamatiou,Technique Leader,1991-02-12,9999-01-01,1
35044,Jiang,Waschkowski,Senior Engineer,1997-05-27,9999-01-01,1
35087,Leif,Ashish,Senior Staff,2001-10-14,9999-01-01,1
35441,Chandrasekaran,Peek,Senior Engineer,1993-02-06,9999-01-01,1
35642,Ashish,Talmon,Senior Engineer,2002-06-13,9999-01-01,1
35793,Oscar,Kusalik,Senior Staff,1996-05-10,9999-01-01,1
35798,Ulf,Oberman,Senior Engineer,1997-03-15,9999-01-01,1
36521,Serif,Gladwell,Senior Staff,1993-03-05,9999-01-01,1
36626,Fen,Genin,Senior Staff,1986-05-09,9999-01-01,1
36733,Uma,Reinhard,Staff,1997-11-01,9999-01-01,1
36844,Hailing,Levergood,Staff,2000-01-12,9999-01-01,1
36982,Kotesh,Rajala,Senior Engineer,2000-06-23,9999-01-01,1
37070,Jeong,Undy,Senior Staff,1993-02-13,9999-01-01,1
37945,Suzette,Butterworth,Senior Engineer,1994-02-19,9999-01-01,1
38043,Michaela,Randi,Senior Engineer,1994-11-23,9999-01-01,1
38103,Masasuke,Babu,Senior Engineer,1993-03-31,9999-01-01,1
38168,Fumiko,Deverell,Senior Staff,1996-08-14,9999-01-01,1
38550,JoAnne,Baez,Senior Engineer,1987-02-16,9999-01-01,1
38593,Huei,Orsini,Senior Engineer,1995-06-04,9999-01-01,1
38947,Shuichi,Ruemmler,Senior Staff,1998-03-08,9999-01-01,1
39000,Martijn,Vendrig,Senior Staff,2002-03-03,9999-01-01,1
39036,Changho,Cappelli,Staff,1996-05-04,9999-01-01,1
39301,Rimon,Kawashima,Senior Staff,1998-02-05,9999-01-01,1
39341,Mahmut,Lampe,Senior Engineer,1994-05-11,9999-01-01,1
39952,Otmar,Sudbeck,Staff,1998-07-22,9999-01-01,1
40269,Toshiki,Ghazalie,Senior Staff,2000-12-04,9999-01-01,1
40283,Sudhanshu,Boissier,Senior Engineer,1993-05-11,9999-01-01,1
40301,Spyrose,Felder,Senior Engineer,1996-06-16,9999-01-01,1
40536,Harngdar,Bernardinello,Senior Engineer,1996-02-29,9999-01-01,1
40765,Michaela,Ramsak,Senior Staff,2001-12-21,9999-01-01,1
40773,Shimshon,Aingworth,Senior Staff,1991-04-13,9999-01-01,1
40983,Marla,Cherinka,Technique Leader,1986-12-01,9999-01-01,1
41114,Petter,Thummel,Technique Leader,1995-12-24,9999-01-01,1
41137,Bikash,Buchter,Senior Staff,1992-11-22,9999-01-01,1
41357,Willard,Vernadat,Engineer,1997-03-04,9999-01-01,1
41518,Keung,Schapiro,Senior Engineer,1998-04-19,9999-01-01,1
41520,Xiong,Uhrik,Senior Engineer,1988-03-21,9999-01-01,1
41609,Yucai,Simmen,Senior Staff,1987-10-13,9999-01-01,1
42778,Shuji,Remmers,Senior Staff,1996-12-17,9999-01-01,1
42911,Brigham,Eterovic,Senior Engineer,1999-10-08,9999-01-01,1
42950,Shaleah,Eickenmeyer,Senior Staff,1993-10-09,9999-01-01,1
42955,Yucel,Lortz,Engineer,1995-02-21,9999-01-01,1
43154,Maha,Waterhouse,Senior Staff,2002-07-04,9999-01-01,1
43733,Huei,Boguraev,Senior Staff,1998-12-31,9999-01-01,1
43848,Phillip,Oxenboll,Engineer,1999-05-26,9999-01-01,1
44054,Alenka,Ritcey,Engineer,1997-02-09,9999-01-01,1
44265,Maria,Eppinger,Engineer,1997-01-30,9999-01-01,1
44540,Mingzeng,Sadowski,Senior Engineer,1989-11-12,9999-01-01,1
44900,Mark,Schwaller,Senior Staff,2001-08-10,9999-01-01,1
44959,Volkmar,Uhrik,Senior Engineer,1995-01-16,9999-01-01,1
44962,Sariel,Wynblatt,Assistant Engineer,1996-05-18,9999-01-01,1
45162,Dulce,Speel,Senior Engineer,1996-10-18,9999-01-01,1
46000,Zhaofang,Penn,Senior Staff,2002-07-24,9999-01-01,1
46328,Wuxu,Trogemann,Senior Staff,1997-01-27,9999-01-01,1
46811,Junsik,Berendt,Senior Engineer,1988-04-27,9999-01-01,1
46834,Tooru,Daescu,Senior Staff,1998-03-20,9999-01-01,1
46943,Pasqua,Maraist,Senior Engineer,1998-12-06,9999-01-01,1
47016,Toong,Litecky,Senior Staff,1994-03-01,9999-01-01,1
47139,Marco,Usdin,Engineer,1996-10-29,9999-01-01,1
47262,Gonzalo,Binkley,Senior Engineer,1990-08-16,9999-01-01,1
47515,Naraig,Jenevein,Senior Engineer,1987-01-18,9999-01-01,1
47702,Juyoung,Vieri,Senior Staff,1999-08-12,9999-01-01,1
47708,Edwin,Haldar,Senior Staff,1995-07-12,9999-01-01,1
48275,Sariel,Massonet,Senior Staff,1993-11-19,9999-01-01,1
48690,Hitomi,Schaap,Staff,1999-09-27,9999-01-01,1
48882,Leen,Lamparter,Senior Engineer,2001-06-07,9999-01-01,1
48904,Yuichiro,Malabarba,Senior Staff,1999-03-07,9999-01-01,1
48947,Filipp,Akaboshi,Senior Staff,1992-05-20,9999-01-01,1
49010,Kazuhisa,Benantar,Senior Staff,1994-10-23,9999-01-01,1
49017,Filipp,Flanders,Senior Engineer,1999-11-26,9999-01-01,1
49119,Lena,Peek,Senior Engineer,1997-05-15,9999-01-01,1
49177,Tze,Bach,Engineer,1999-03-09,9999-01-01,1
49464,Siddarth,Cappelletti,Staff,1999-09-10,9999-01-01,1
49477,Baocai,Leaver,Senior Staff,1998-08-05,9999-01-01,1
50293,Xinan,Rindone,Engineer,1996-10-08,9999-01-01,1
50311,Mooi,Stafford,Senior Engineer,1996-10-06,9999-01-01,1
50453,Aron,Harbusch,Staff,1997-10-02,9999-01-01,1
50670,Boguslaw,Snedden,Senior Staff,1993-02-20,9999-01-01,1
50831,Marie,Khalid,Senior Engineer,1990-10-27,9999-01-01,1
51036,Chriss,Fasbender,Staff,1995-05-23,9999-01-01,1
51057,Theirry,Albarhamtoshy,Senior Staff,1996-09-26,9999-01-01,1
51060,Youngkon,Rohrbach,Senior Engineer,1998-10-20,9999-01-01,1
51142,Rosine,Lakshmanan,Senior Engineer,1991-01-31,9999-01-01,1
52038,Chikako,Armand,Senior Engineer,1985-05-18,9999-01-01,1
52040,Phule,Heijenga,Senior Staff,1998-02-21,9999-01-01,1
52283,Trygve,Krupka,Senior Staff,2001-03-11,9999-01-01,1
52386,Adas,Denti,Senior Staff,1995-05-30,9999-01-01,1
52590,Jouni,Munoz,Senior Staff,2000-11-25,9999-01-01,1
52599,Augustine,Mungall,Senior Engineer,1996-08-30,9999-01-01,1
52639,Arup,Colorni,Senior Staff,1996-02-05,9999-01-01,1
52770,Shugo,Yurek,Senior Staff,1998-08-28,9999-01-01,1
52778,Alain,Penn,Technique Leader,1986-05-03,9999-01-01,1
52956,Khalil,Picci,Senior Engineer,1992-03-20,9999-01-01,1
52970,Lobel,Werthner,Senior Engineer,1997-03-17,9999-01-01,1
53278,Premsyl,Lortz,Senior Staff,1999-02-01,9999-01-01,1
53314,Eberhardt,Carrera,Staff,1999-02-23,9999-01-01,1
53431,Sham,Vasanthakumar,Senior Staff,1985-10-24,9999-01-01,1
53499,Zdislav,Mandelberg,Senior Engineer,2000-09-10,9999-01-01,1
53597,Jiafu,Marchegay,Senior Engineer,1992-03-02,9999-01-01,1
53874,Bodo,Schade,Senior Staff,1995-02-14,9999-01-01,1
53924,Arnould,Gaughan,Senior Engineer,1998-01-23,9999-01-01,1
54198,Shaowen,Segond,Senior Engineer,1993-01-06,9999-01-01,1
54632,Etsuo,Serot,Senior Staff,1997-06-14,9999-01-01,1
54795,Sumant,Nergos,Senior Staff,2000-05-07,9999-01-01,1
54800,Breannda,Cangellaris,Staff,2000-01-27,9999-01-01,1
55640,Adit,Syrotiuk,Senior Engineer,1999-07-16,9999-01-01,1
55687,Shih,Lindqvist,Senior Engineer,1995-03-29,9999-01-01,1
55799,Jianwen,Litzler,Senior Engineer,1993-06-16,9999-01-01,1
55857,Adin,Scallan,Senior Staff,1996-09-14,9999-01-01,1
56105,Makato,Remmers,Senior Engineer,1994-04-16,9999-01-01,1
56209,Remzi,Douceur,Senior Engineer,1998-12-01,9999-01-01,1
56415,Sigeru,Nivat,Senior Staff,1999-10-24,9999-01-01,1
56428,Olivera,Hanabata,Senior Staff,1992-11-09,9999-01-01,1
56682,Roded,Picco,Assistant Engineer,1993-11-06,9999-01-01,1
56829,Nagui,Gruenwald,Engineer,1995-12-24,9999-01-01,1
56847,Menkae,Chinin,Senior Engineer,1989-08-19,9999-01-01,1
57934,Sanjoy,Boudaillier,Senior Engineer,1997-12-27,9999-01-01,1
58141,Bezalel,Karner,Staff,1994-09-27,9999-01-01,1
58147,Shigenori,Sullins,Senior Staff,1988-02-24,9999-01-01,1
58384,Mariusz,Vural,Senior Engineer,2001-11-14,9999-01-01,1
58454,Ziya,Zambonelli,Engineer,1999-06-29,9999-01-01,1
58497,Yechiam,Cairo,Senior Staff,1996-07-12,9999-01-01,1
58819,Gennady,Liesche,Senior Staff,1987-12-02,9999-01-01,1
58990,Palash,Trelles,Engineer,1998-11-18,9999-01-01,1
59195,Ronnie,Pollock,Technique Leader,1990-06-19,9999-01-01,1
59640,Zita,Hiltgen,Staff,1999-01-26,9999-01-01,1
59869,Zsolt,Riefers,Senior Staff,1994-09-25,9999-01-01,1
59966,Steen,Salvesen,Technique Leader,1993-02-03,9999-01-01,1
60000,Heekeun,Emmart,Engineer,2001-09-22,9999-01-01,1
60091,Surveyors,Bade,Senior Staff,1996-04-10,9999-01-01,1
60238,Erzsebet,Claffy,Staff,1997-03-03,9999-01-01,1
60559,Jeanna,Stemann,Senior Engineer,1996-08-29,9999-01-01,1
60821,Moty,Mersereau,Senior Staff,1999-09-03,9999-01-01,1
60845,Bedir,Siegrist,Engineer,1997-05-13,9999-01-01,1
60875,Rildo,Masaki,Senior Engineer,1997-01-14,9999-01-01,1
60959,Tetsushi,Sridhar,Senior Staff,1997-01-12,9999-01-01,1
61147,Leszek,Werthner,Staff,1999-03-03,9999-01-01,1
61253,Cheong,Uhrik,Senior Engineer,2001-06-04,9999-01-01,1
61377,Dannz,Ohori,Senior Staff,1994-01-17,9999-01-01,1
61541,Kasidit,Papsdorf,Senior Engineer,1999-08-17,9999-01-01,1
61873,Woody,Rusmann,Engineer,2002-02-26,9999-01-01,1
62033,Heeju,Cappelli,Senior Engineer,1994-01-15,9999-01-01,1
62046,Karlis,Nanard,Senior Engineer,2001-09-19,9999-01-01,1
62245,Adel,Bressoud,Engineer,1995-08-30,9999-01-01,1
63294,Tetsushi,Tanemo,Senior Engineer,2002-03-01,9999-01-01,1
63419,Hiroyasu,Seuren,Senior Engineer,1989-03-05,9999-01-01,1
63441,Hinrich,Scallan,Staff,1999-04-04,9999-01-01,1
63566,Heekeun,Slaats,Senior Staff,1999-01-12,9999-01-01,1
63631,Falguni,Cherinka,Senior Engineer,1986-09-08,9999-01-01,1
63706,Sedat,Itzigehl,Engineer,1997-07-31,9999-01-01,1
64023,Laurentiu,Benzmuller,Senior Engineer,1999-11-08,9999-01-01,1
64209,Golgen,Schoegge,Senior Staff,1988-02-26,9999-01-01,1
64487,Tsutomu,Rebaine,Senior Engineer,1994-09-17,9999-01-01,1
64532,Atilio,Segond,Senior Engineer,1996-11-28,9999-01-01,1
64632,Zsolt,Brender,Senior Staff,1996-02-21,9999-01-01,1
64790,Shin,Piveteau,Senior Engineer,1993-04-19,9999-01-01,1
64828,Krister,Pappas,Staff,1999-09-30,9999-01-01,1
64984,Eldridge,Eldridge,Senior Engineer,1991-06-24,9999-01-01,1
65171,Jeane,Tasistro,Technique Leader,1994-07-06,9999-01-01,1
65539,Aksel,Picaronny,Senior Engineer,1998-01-27,9999-01-01,1
65883,Patricia,Pepe,Senior Staff,1996-04-18,9999-01-01,1
65998,Mandell,Alameldin,Senior Staff,1996-04-08,9999-01-01,1
66382,Domenico,Candan,Engineer,1997-07-13,9999-01-01,1
66530,Dung,Leaver,Staff,1998-04-04,9999-01-01,1
66643,Jianhao,Tomescu,Engineer,1996-08-26,9999-01-01,1
66702,Deniz,Thibadeau,Senior Engineer,2000-09-26,9999-01-01,1
66757,Yonghong,Baig,Staff,1999-04-10,9999-01-01,1
66807,Aiman,Rosaz,Senior Engineer,1999-05-22,9999-01-01,1
67320,Sadok,Lorys,Senior Staff,1987-05-10,9999-01-01,1
67548,Fumitaka,Roohalamini,Staff,1998-06-27,9999-01-01,1
67934,Aiman,Gargeya,Senior Engineer,1993-03-07,9999-01-01,1
68416,Munenori,Debuse,Senior Engineer,1990-11-08,9999-01-01,1
68608,Yucai,Seghrouchni,Senior Engineer,1994-06-09,9999-01-01,1
68633,Chinhyun,Rassart,Senior Engineer,1993-07-29,9999-01-01,1
68648,Jaques,DiGiano,Technique Leader,1992-04-01,9999-01-01,1
69052,Shietung,Shrader,Senior Staff,1995-08-05,9999-01-01,1
69219,Shuky,Redmiles,Senior Staff,1994-07-06,9999-01-01,1
69867,Miyeon,Rothe,Senior Staff,1997-04-08,9999-01-01,1
69878,Chinya,Cooke,Engineer,1997-01-29,9999-01-01,1
69936,Lalit,Unni,Assistant Engineer,1998-12-06,9999-01-01,1
70469,Tru,Miyakawa,Senior Staff,1998-09-03,9999-01-01,1
70990,Arumugam,Nitta,Senior Engineer,1990-03-23,9999-01-01,1
71066,Domenick,Basart,Senior Staff,2001-01-04,9999-01-01,1
71141,Sajjad,Vitiello,Senior Staff,1997-02-16,9999-01-01,1
71188,Pranjal,Schapiro,Senior Staff,1993-12-14,9999-01-01,1
71243,Kinh,Buchter,Senior Engineer,1993-03-29,9999-01-01,1
71334,Cathie,Peck,Senior Engineer,1998-04-12,9999-01-01,1
71685,Kristinn,Olano,Senior Engineer,1989-10-03,9999-01-01,1
71710,Hitomi,Takanami,Assistant Engineer,1997-12-15,9999-01-01,1
71745,Adil,Laventhal,Engineer,2001-05-13,9999-01-01,1
72190,Sajjad,Waeselynck,Engineer,1999-09-13,9999-01-01,1
72194,Feiyu,Siepmann,Senior Engineer,1998-10-01,9999-01-01,1
72232,Naraig,Veldwijk,Senior Engineer,1996-07-10,9999-01-01,1
72640,Honglan,Hutton,Senior Engineer,1998-10-04,9999-01-01,1
72918,Takahira,Szilard,Senior Staff,1993-01-15,9999-01-01,1
73076,Froduald,Feldhoffer,Senior Engineer,1993-03-16,9999-01-01,1
73233,Shigeo,Merey,Senior Engineer,1985-07-30,9999-01-01,1
73516,Qingxiang,Badache,Senior Engineer,1996-06-25,9999-01-01,1
73743,Anneke,Bernardeschi,Engineer,1999-11-01,9999-01-01,1
74200,Holgard,Weiland,Senior Engineer,1991-09-24,9999-01-01,1
74344,Hiroyasu,Provine,Engineer,1994-11-25,9999-01-01,1
74668,Masako,Bonifati,Senior Staff,1987-04-09,9999-01-01,1
74800,Yuuichi,Conde,Senior Engineer,1999-03-08,9999-01-01,1
75354,Shuky,Jakobus,Senior Engineer,1993-06-16,9999-01-01,1
75703,Kyoichi,Erman,Senior Engineer,2001-07-25,9999-01-01,1
76189,Kolar,Hinsberger,Senior Engineer,1994-10-20,9999-01-01,1
76201,Arif,Preusig,Senior Engineer,1992-04-02,9999-01-01,1
76640,Tristan,Mitsuhashi,Senior Engineer,2000-07-12,9999-01-01,1
77030,Faiza,Garnham,Technique Leader,1986-03-02,9999-01-01,1
77303,Xinglin,Birge,Senior Staff,2001-03-05,9999-01-01,1
77647,Niranjan,Schaaf,Technique Leader,1989-11-05,9999-01-01,1
77815,Ronghao,Picaronny,Engineer,2002-06-09,9999-01-01,1
78106,Ashish,Ratnaker,Senior Staff,1986-11-10,9999-01-01,1
78363,Susumu,Fritzsche,Engineer,1998-06-23,9999-01-01,1
78469,Leucio,Cappelli,Staff,1997-08-22,9999-01-01,1
78871,Conor,Ghandeharizadeh,Senior Engineer,1985-05-25,9999-01-01,1
79043,Katsuo,Hockney,Technique Leader,1999-11-07,9999-01-01,1
79171,Guiseppe,Ellozy,Senior Engineer,1991-01-12,9999-01-01,1
79310,Jeong,Cunliffe,Senior Staff,1996-10-27,9999-01-01,1
79606,Arnd,Peir,Senior Engineer,1986-12-11,9999-01-01,1
79763,Sanjoy,Barreiro,Senior Staff,1996-04-09,9999-01-01,1
79895,Fei,Murtagh,Senior Staff,1986-01-19,9999-01-01,1
80067,Kazuhisa,Weiland,Senior Staff,1991-11-09,9999-01-01,1
80203,Shakhar,Baik,Staff,1993-12-01,9999-01-01,1
80432,Stella,Figueira,Senior Staff,1998-03-14,9999-01-01,1
80731,Shaowen,Eldridge,Senior Staff,1994-12-05,9999-01-01,1
80850,Koldo,Luit,Senior Engineer,2001-04-15,9999-01-01,1
80889,Shigeo,Linnainmaa,Senior Engineer,1985-07-30,9999-01-01,1
80948,Harjit,Bardell,Senior Engineer,1996-05-23,9999-01-01,1
81105,Jaewon,Boissier,Senior Engineer,1998-05-24,9999-01-01,1
81545,Larisa,Kornyak,Technique Leader,1996-03-10,9999-01-01,1
81644,Divine,Ghandeharizadeh,Staff,1997-11-28,9999-01-01,1
81995,Sreekrishna,Brender,Senior Engineer,1996-03-21,9999-01-01,1
82069,Yechezkel,Perfilyeva,Senior Engineer,2000-11-02,9999-01-01,1
82098,Poornachandra,Wilharm,Senior Engineer,1998-04-20,9999-01-01,1
82351,Stevo,Thambidurai,Senior Staff,1989-10-27,9999-01-01,1
82511,Uwe,Koblick,Engineer,1998-04-04,9999-01-01,1
82919,Shigeu,Claffy,Engineer,1998-02-03,9999-01-01,1
82928,Alselm,Rikino,Senior Engineer,1997-11-16,9999-01-01,1
83280,Francesca,Ellozy,Senior Engineer,1999-08-08,9999-01-01,1
83289,Shigeichiro,Engelmann,Senior Engineer,2000-01-09,9999-01-01,1
83509,Breannda,Collavizza,Senior Engineer,1994-10-12,9999-01-01,1
83544,Leaf,Baak,Senior Staff,2001-09-05,9999-01-01,1
83714,Ohad,Kilgore,Senior Engineer,1997-07-01,9999-01-01,1
83805,Manohar,Harllee,Senior Engineer,1987-03-11,9999-01-01,1
83941,Zsolt,Hagimont,Senior Staff,2001-10-08,9999-01-01,1
84029,Babette,Eugenio,Staff,1997-09-21,9999-01-01,1
84179,Shuichi,Nanard,Senior Engineer,1989-03-14,9999-01-01,1
84236,Eberhardt,Barriga,Senior Staff,1993-06-03,9999-01-01,1
84315,Kristina,Baumann,Assistant Engineer,1996-09-26,9999-01-01,1
84451,Shiv,Aumann,Senior Engineer,1998-06-14,9999-01-01,1
84508,Tommaso,Vidya,Engineer,1998-05-02,9999-01-01,1
84840,Sverrir,Neimat,Staff,1996-11-03,9999-01-01,1
84922,Parke,Unno,Engineer,1996-07-01,9999-01-01,1
84942,Shin,Fujisaki,Technique Leader,1988-02-23,9999-01-01,1
85216,Ferdinand,Rosiles,Senior Staff,1997-07-08,9999-01-01,1
85288,Younwoo,Luders,Senior Engineer,2002-03-31,9999-01-01,1
85414,Chiradeep,Callaway,Staff,1999-07-30,9999-01-01,1
85445,Yongdong,Pollock,Staff,1998-03-17,9999-01-01,1
85702,Udi,Merks,Engineer,1997-08-15,9999-01-01,1
85874,Pasqua,Taubman,Senior Staff,1986-06-23,9999-01-01,1
86213,Kristine,Clemencon,Senior Staff,1996-04-21,9999-01-01,1
86354,Ronghao,Segond,Senior Engineer,1993-09-13,9999-01-01,1
86422,Jaewon,Thummel,Senior Staff,1992-09-14,9999-01-01,1
86546,Oldrich,Woycyznski,Senior Engineer,1990-05-15,9999-01-01,1
86655,Zhenhua,Lorys,Engineer,1995-08-21,9999-01-01,1
86672,JoAnne,Anido,Staff,1995-09-15,9999-01-01,1
87129,Keung,Neiman,Staff,1997-04-13,9999-01-01,1
87353,Quingbo,Coombs,Senior Engineer,1999-01-17,9999-01-01,1
87714,Khun,Janetzko,Engineer,1998-09-13,9999-01-01,1
87729,Yongmin,Roccetti,Senior Staff,1991-12-10,9999-01-01,1
87783,Conor,Thorensen,Senior Engineer,1988-02-24,9999-01-01,1
88103,Goo,Bresenham,Senior Staff,1999-01-31,9999-01-01,1
88411,Lena,Cannane,Engineer,2000-01-28,9999-01-01,1
88422,Jungsoon,Birsak,Technique Leader,1985-04-03,9999-01-01,1
88647,Vasiliy,Ratnaker,Engineer,1995-08-09,9999-01-01,1
88958,Vojin,Coombs,Senior Staff,2002-07-23,9999-01-01,1
88965,Mang,Hedayat,Engineer,1995-05-22,9999-01-01,1
89048,Otmar,Birjandi,Senior Engineer,1992-03-23,9999-01-01,1
89090,Tetsushi,Theuretzbacher,Senior Staff,1995-02-01,9999-01-01,1
89161,Conal,Yetto,Senior Staff,1999-01-12,9999-01-01,1
89207,Along,Erol,Senior Staff,1999-10-17,9999-01-01,1
89346,Mansur,Comyn,Engineer,1999-08-31,9999-01-01,1
89590,Guther,Rothenberg,Senior Staff,2000-08-07,9999-01-01,1
89664,Pranjal,Rossi,Staff,1998-07-07,9999-01-01,1
89680,Aiman,Mawatari,Senior Engineer,1997-05-01,9999-01-01,1
89806,Xiadong,Shinomoto,Senior Engineer,2002-05-24,9999-01-01,1
89922,Alexius,Ibel,Senior Engineer,1993-04-24,9999-01-01,1
89941,Arnould,Weedman,Senior Staff,1989-07-28,9999-01-01,1
90077,Vivian,Guerreiro,Engineer,1998-07-08,9999-01-01,1
90084,Renny,Bale,Senior Engineer,1996-11-22,9999-01-01,1
90211,Bader,Denis,Engineer,1997-10-06,9999-01-01,1
90292,Koichi,Assaf,Senior Engineer,1998-05-26,9999-01-01,1
90518,Fumiko,Chepyzhov,Senior Staff,1997-01-27,9999-01-01,1
90614,Yonghoan,Trogemann,Engineer,1997-09-23,9999-01-01,1
90692,Rajmohan,DasSarma,Senior Staff,1990-09-14,9999-01-01,1
91172,Kazuhisa,Melter,Senior Staff,1993-07-15,9999-01-01,1
91182,Lucien,Schwartzburd,Senior Engineer,1994-08-25,9999-01-01,1
91229,Yahiko,Hebden,Senior Engineer,2001-10-03,9999-01-01,1
91256,Gunilla,Milicic,Staff,1998-01-09,9999-01-01,1
91333,Lobel,Stafford,Staff,1998-11-29,9999-01-01,1
91415,Jamaludin,Nilsson,Senior Staff,1994-01-15,9999-01-01,1
91648,Dmitry,Msuda,Senior Staff,1997-10-22,9999-01-01,1
92438,Aria,Kilgore,Senior Engineer,1996-02-28,9999-01-01,1
92454,Visit,McFarlan,Senior Engineer,1996-10-21,9999-01-01,1
92577,Zhanqiu,Farrow,Assistant Engineer,1999-01-10,9999-01-01,1
92598,Ranga,Merro,Assistant Engineer,1996-05-11,9999-01-01,1
92685,Mang,Atchley,Senior Staff,1995-06-07,9999-01-01,1
92841,Claude,Candan,Senior Staff,1993-08-04,9999-01-01,1
92846,Anyuan,Kropatsch,Senior Staff,1993-09-05,9999-01-01,1
92920,Huei,Hutter,Senior Engineer,2000-01-29,9999-01-01,1
93040,Jaques,Kabayashi,Senior Engineer,1992-03-13,9999-01-01,1
93220,Richara,Walston,Senior Engineer,1996-08-27,9999-01-01,1
93278,Magdalena,Penn,Senior Engineer,2002-01-04,9999-01-01,1
93549,Arie,Coullard,Senior Staff,1998-04-15,9999-01-01,1
93600,Kristina,Neimat,Technique Leader,1988-04-18,9999-01-01,1
94331,Ramzi,Cronau,Technique Leader,1999-09-03,9999-01-01,1
94416,Aran,Cesareni,Senior Staff,1990-02-10,9999-01-01,1
94761,Hitofumi,Zaccaria,Senior Engineer,1997-11-22,9999-01-01,1
94944,Heping,Matheson,Senior Engineer,1997-06-24,9999-01-01,1
95181,Yishai,Cappelli,Staff,1997-01-30,9999-01-01,1
95286,Kristin,Guerreiro,Senior Engineer,1997-08-23,9999-01-01,1
95314,Rasiah,Koblick,Senior Staff,1999-08-21,9999-01-01,1
95406,Alair,Lyonns,Engineer,1997-07-12,9999-01-01,1
95416,Gianluca,Ramaiah,Engineer,1993-11-29,9999-01-01,1
95509,Kristinn,Loncour,Engineer,1995-02-08,9999-01-01,1
95920,Nobuyoshi,Hegner,Senior Staff,2001-09-07,9999-01-01,1
96571,Kokou,Garrabrants,Senior Engineer,1997-11-05,9999-01-01,1
96579,Mohan,Tasistro,Engineer,1996-02-10,9999-01-01,1
96767,Arumugam,Vecchio,Senior Engineer,1992-08-14,9999-01-01,1
97018,Jeanna,Chinen,Senior Engineer,1994-01-01,9999-01-01,1
97623,Haldon,Janetzko,Senior Staff,1996-09-10,9999-01-01,1
97661,Avishai,Hegner,Senior Staff,2002-05-08,9999-01-01,1
98288,Sumali,Huttel,Senior Staff,1997-09-12,9999-01-01,1
98306,Ziya,Kadhim,Senior Engineer,1995-11-02,9999-01-01,1
98639,Florina,Assaf,Staff,1996-05-18,9999-01-01,1
99057,Shugo,Reeken,Staff,1999-06-21,9999-01-01,1
99373,Xiaobin,Christianini,Senior Staff,1991-12-25,9999-01-01,1
99377,Carrsten,Francisci,Senior Engineer,1991-06-16,9999-01-01,1
99590,Dhritiman,Anily,Staff,1998-12-16,9999-01-01,1
99654,Mahendra,Motley,Senior Staff,1992-09-28,9999-01-01,1
100865,Hisao,Peral,Senior Engineer,1998-10-03,9999-01-01,1
100916,Heejo,Aamodt,Senior Engineer,2001-04-22,9999-01-01,1
101487,Abdelaziz,Sury,Senior Staff,1999-01-31,9999-01-01,1
101647,Mori,Homond,Senior Staff,2000-05-09,9999-01-01,1
101902,Mantis,Millington,Senior Staff,1997-03-17,9999-01-01,1
102620,Adin,Templeman,Engineer,1997-12-10,9999-01-01,1
103196,Djenana,Albarhamtoshy,Senior Staff,1993-07-16,9999-01-01,1
103310,Visit,Swen,Senior Staff,2000-10-01,9999-01-01,1
103316,Susanne,Peternell,Senior Engineer,1999-07-27,9999-01-01,1
103342,Beshir,Hellwagner,Engineer,1998-02-03,9999-01-01,1
103756,Heping,Halloran,Engineer,2001-04-08,9999-01-01,1
104133,Pranjal,Zyda,Senior Staff,1998-07-03,9999-01-01,1
104845,Werner,Lodder,Senior Staff,1998-06-17,9999-01-01,1
104988,Parviz,Litzler,Senior Engineer,1999-08-09,9999-01-01,1
105342,Kwun,Reeker,Technique Leader,1999-07-29,9999-01-01,1
105356,Diederik,Matzov,Senior Engineer,1996-05-12,9999-01-01,1
105432,Mohamadou,Stafford,Senior Engineer,2000-09-11,9999-01-01,1
105520,Haldun,Lienhardt,Senior Staff,1987-01-29,9999-01-01,1
105731,Sachem,Cromarty,Engineer,1996-08-19,9999-01-01,1
106096,Naftali,Schurmann,Senior Engineer,1999-12-03,9999-01-01,1
106242,Nevio,Thisen,Senior Staff,1994-03-25,9999-01-01,1
106695,Lijie,Garrabrants,Senior Staff,1990-10-02,9999-01-01,1
106710,Babette,Anandan,Senior Staff,1993-11-22,9999-01-01,1
107486,Siamak,Luiz,Senior Engineer,1987-02-11,9999-01-01,1
107737,Fabrizio,Chleq,Senior Engineer,1999-07-31,9999-01-01,1
107792,Shahab,Crooks,Senior Staff,2001-03-18,9999-01-01,1
107828,Ramya,Walston,Senior Staff,1995-02-03,9999-01-01,1
108091,Hisao,Ghemri,Senior Staff,1990-11-14,9999-01-01,1
108198,Randi,Samarati,Senior Staff,1999-10-21,9999-01-01,1
108316,Shai,Stellhorn,Senior Engineer,1992-05-21,9999-01-01,1
108988,Oksana,Baek,Senior Staff,1997-07-20,9999-01-01,1
109062,Jamaludin,Kandlur,Senior Engineer,1992-06-19,9999-01-01,1
109211,Gor,Delgrande,Senior Engineer,2001-11-06,9999-01-01,1
109252,Moty,Winter,Technique Leader,1991-04-28,9999-01-01,1
109278,Bangqing,Schach,Senior Staff,1996-03-22,9999-01-01,1
109552,Menkae,Etalle,Engineer,2002-05-21,9999-01-01,1
109598,Stamatina,Auyong,Senior Staff,1988-07-05,9999-01-01,1
109620,Mani,Cannata,Senior Staff,1995-06-21,9999-01-01,1
109703,Arco,Walston,Engineer,1999-08-16,9999-01-01,1
109741,Hatem,Fadgyas,Senior Engineer,1991-11-13,9999-01-01,1
109953,Godehard,Chorvat,Senior Staff,1996-04-10,9999-01-01,1
200267,Chuanti,Luff,Senior Staff,2000-09-20,9999-01-01,1
200312,Akemi,Fujisaki,Senior Engineer,1998-06-25,9999-01-01,1
200363,Kirk,Quaggetto,Senior Engineer,1995-06-30,9999-01-01,1
200735,Dinah,Denos,Senior Staff,2001-09-21,9999-01-01,1
200789,Susumu,Camurati,Senior Staff,1997-12-14,9999-01-01,1
201229,Alejandra,Khasidashvili,Staff,1994-07-30,9999-01-01,1
201708,Anneli,Perl,Senior Staff,2000-09-08,9999-01-01,1
201709,Fan,Kakkad,Senior Staff,1993-02-24,9999-01-01,1
201739,Genta,Terekhov,Assistant Engineer,1998-07-21,9999-01-01,1
201801,Waiman,Genin,Senior Engineer,1995-10-30,9999-01-01,1
201915,Sudharsan,DeMori,Senior Engineer,1997-03-30,9999-01-01,1
202291,Ortrun,Schmiedel,Engineer,1997-07-18,9999-01-01,1
202403,Gully,Perko,Engineer,1999-07-07,9999-01-01,1
202414,Zvonko,Murthy,Senior Staff,1992-01-07,9999-01-01,1
202552,Morris,Saoudi,Senior Engineer,1998-11-22,9999-01-01,1
202826,Kerhong,Matzke,Senior Engineer,1993-11-14,9999-01-01,1
202882,Isaac,Koshino,Senior Engineer,1995-09-28,9999-01-01,1
202950,Giordano,Pietrzykowski,Senior Staff,1987-03-26,9999-01-01,1
203474,Hugh,Jonsson,Senior Staff,1997-07-05,9999-01-01,1
203495,Zongyan,Gips,Technique Leader,1997-05-31,9999-01-01,1
203599,Ewing,DiGiano,Technique Leader,2000-02-01,9999-01-01,1
203720,Sasan,Thimonier,Senior Staff,1996-08-21,9999-01-01,1
203946,Yefim,Marwedel,Senior Staff,1999-03-30,9999-01-01,1
204117,Jessie,Nooteboom,Staff,1999-08-13,9999-01-01,1
204133,Susuma,Bergere,Senior Staff,1996-02-25,9999-01-01,1
204246,Arve,Worfolk,Senior Staff,1990-04-01,9999-01-01,1
204425,Gretta,Huttel,Senior Engineer,1990-10-08,9999-01-01,1
204470,Hein,Lichtner,Senior Staff,2001-04-02,9999-01-01,1
204471,Franziska,Maginnis,Senior Engineer,1992-02-17,9999-01-01,1
204764,Susanne,Mandelberg,Senior Engineer,1996-11-01,9999-01-01,1
205018,Yahiko,Awdeh,Engineer,1998-08-05,9999-01-01,1
205085,Moni,Kornyak,Technique Leader,1991-09-26,9999-01-01,1
205174,Leszek,Spinelli,Staff,1998-12-10,9999-01-01,1
205500,Mary,Setiz,Senior Engineer,1989-01-13,9999-01-01,1
205627,Stabislas,Broder,Senior Engineer,2001-07-16,9999-01-01,1
205660,Kien,Barreiro,Staff,1997-08-25,9999-01-01,1
205699,Youjian,Yetto,Senior Staff,2000-12-06,9999-01-01,1
205789,Limsoon,Skafidas,Senior Staff,1999-08-10,9999-01-01,1
205863,Aiichiro,Kusalik,Senior Engineer,1996-10-03,9999-01-01,1
206748,Yucai,Fabrizio,Staff,1999-10-06,9999-01-01,1
206836,Guadalupe,Pfau,Senior Staff,2001-03-22,9999-01-01,1
206966,Tzu,Sichman,Senior Engineer,1992-11-16,9999-01-01,1
207021,Jacqueline,Akaboshi,Engineer,1997-12-06,9999-01-01,1
207068,Zhiguo,Ariola,Senior Staff,1994-09-07,9999-01-01,1
207204,Kellie,Schrooten,Engineer,1999-01-17,9999-01-01,1
207401,Shuji,Barbanera,Senior Staff,1993-08-09,9999-01-01,1
207551,Baziley,Falck,Assistant Engineer,1995-02-18,9999-01-01,1
207779,Chinya,Kamble,Senior Staff,1992-05-31,9999-01-01,1
207980,Remko,Vieth,Senior Staff,1999-11-22,9999-01-01,1
208147,Manu,Rothenberg,Senior Engineer,1995-12-07,9999-01-01,1
208330,Shen,Flanders,Senior Staff,1997-07-03,9999-01-01,1
208639,Larisa,Lukaszewicz,Senior Staff,1994-10-10,9999-01-01,1
208653,Phillip,Schade,Senior Engineer,1998-03-03,9999-01-01,1
208784,Pranjal,Juneja,Senior Engineer,1985-03-21,9999-01-01,1
209101,Xinyu,Edelhoff,Senior Engineer,1997-10-26,9999-01-01,1
209443,Krassimir,Garnier,Senior Staff,1998-01-26,9999-01-01,1
209565,Dante,Covnot,Senior Staff,1998-05-28,9999-01-01,1
209712,Nimmagadda,Baak,Engineer,1995-10-30,9999-01-01,1
210017,Shalesh,Lovengreen,Senior Staff,1996-09-28,9999-01-01,1
210292,Lihong,Zeilberger,Staff,1996-04-28,9999-01-01,1
210449,Gino,Lagarias,Engineer,1997-06-22,9999-01-01,1
210752,Saniya,Stenning,Senior Staff,1991-12-10,9999-01-01,1
210786,Werner,Ranze,Staff,1998-06-05,9999-01-01,1
211858,Domenico,Ratnaker,Senior Engineer,1993-03-24,9999-01-01,1
211879,Gao,Ranze,Senior Engineer,1999-11-24,9999-01-01,1
211967,Anwar,Bain,Senior Engineer,1998-01-22,9999-01-01,1
212093,Leni,Henders,Senior Staff,1999-11-19,9999-01-01,1
212154,Sailaja,Holburn,Senior Staff,1997-03-03,9999-01-01,1
212361,Claudi,Stanfel,Senior Engineer,2001-01-06,9999-01-01,1
213016,Yongmao,Fontan,Senior Engineer,1998-07-26,9999-01-01,1
213140,Tru,Danecki,Staff,1997-03-31,9999-01-01,1
213384,Pranas,Narwekar,Senior Engineer,1993-09-26,9999-01-01,1
213447,Armond,Perly,Senior Engineer,1996-09-14,9999-01-01,1
214215,Xiaoqiang,Cardazo,Senior Staff,1993-05-28,9999-01-01,1
214391,Rayond,Klassen,Senior Staff,1999-09-11,9999-01-01,1
214427,Peer,Molberg,Engineer,1996-11-17,9999-01-01,1
214539,Ingmar,Kohling,Engineer,1995-04-25,9999-01-01,1
214634,Shirish,Vickson,Senior Engineer,1997-10-24,9999-01-01,1
214789,Arfst,Chepyzhov,Senior Engineer,1997-02-06,9999-01-01,1
214866,Gopalakrishnan,Angel,Senior Engineer,2002-07-05,9999-01-01,1
214995,Dinkar,Hoppenstand,Engineer,1994-05-04,9999-01-01,1
215419,Flemming,Kroha,Staff,1995-01-23,9999-01-01,1
215629,Munehiro,Manders,Senior Staff,1995-05-18,9999-01-01,1
215746,Sven,Speer,Staff,1999-07-08,9999-01-01,1
215843,Pramod,Loncour,Senior Staff,1993-03-30,9999-01-01,1
216054,Sahrah,Angiulli,Senior Staff,1991-07-31,9999-01-01,1
216342,Aiichiro,Cromarty,Senior Engineer,2000-06-09,9999-01-01,1
216375,Byong,Gustavson,Senior Engineer,1985-03-12,9999-01-01,1
216502,Xiaocheng,Suermann,Engineer,1997-12-15,9999-01-01,1
216573,Ashish,Vidya,Senior Engineer,1995-06-16,9999-01-01,1
216921,Lena,Lenart,Senior Staff,1995-12-25,9999-01-01,1
217026,Otmar,Engberts,Senior Staff,1998-08-16,9999-01-01,1
217080,Masami,Puoti,Senior Engineer,2000-01-21,9999-01-01,1
217272,Yuchang,Eldridge,Senior Staff,1991-08-01,9999-01-01,1
217286,Yannik,Spelt,Technique Leader,1992-09-22,9999-01-01,1
217320,Abdelwaheb,Denis,Engineer,1993-09-10,9999-01-01,1
217363,Horward,Marzano,Staff,1996-04-11,9999-01-01,1
217387,Jianhao,Molenaar,Senior Engineer,1994-10-22,9999-01-01,1
217551,Panayotis,Lukaszewicz,Senior Engineer,1995-06-06,9999-01-01,1
217800,Shay,Servieres,Senior Staff,1998-08-06,9999-01-01,1
218022,Mokhtar,Poupard,Technique Leader,1992-02-02,9999-01-01,1
218100,Jiong,Garnham,Senior Staff,1999-01-02,9999-01-01,1
218831,Unal,DuBourdieux,Engineer,1996-03-13,9999-01-01,1
219035,Kristine,Bierman,Technique Leader,1988-05-13,9999-01-01,1
219047,Aemilian,Kusalik,Senior Engineer,1995-05-27,9999-01-01,1
219052,Marsal,Acton,Staff,1995-08-02,9999-01-01,1
219417,Subhrajyoti,Denna,Staff,1996-07-25,9999-01-01,1
219497,Moie,Zastre,Technique Leader,1991-10-11,9999-01-01,1
219967,Susanna,Reeken,Senior Staff,1998-03-16,9999-01-01,1
220029,Demos,Asser,Senior Engineer,1985-11-04,9999-01-01,1
220131,Reinhard,Slaats,Senior Engineer,1999-06-08,9999-01-01,1
220418,Poorav,Laventhal,Staff,1997-08-16,9999-01-01,1
220528,Sibyl,Rabehasaina,Senior Staff,1998-02-23,9999-01-01,1
220582,Poornachandra,Zielinski,Senior Staff,2001-02-12,9999-01-01,1
220611,Yuping,Babb,Senior Staff,2002-01-31,9999-01-01,1
220625,Shigenori,Deville,Technique Leader,1992-12-24,9999-01-01,1
220699,Nahid,Gyimothy,Staff,1995-08-18,9999-01-01,1
220799,Perla,Orlowska,Senior Engineer,1990-12-03,9999-01-01,1
221126,Tesuya,dAstous,Senior Engineer,1995-11-30,9999-01-01,1
221367,Saddek,Farris,Senior Staff,1990-11-06,9999-01-01,1
221369,Abdulah,Pocchiola,Engineer,1996-08-28,9999-01-01,1
221435,Djenana,Marrevee,Senior Engineer,2000-02-06,9999-01-01,1
221973,Sangeeta,Kalefeld,Senior Staff,1996-06-05,9999-01-01,1
222206,Stein,Uludag,Senior Staff,1995-01-30,9999-01-01,1
222311,Miyeon,Billingsley,Senior Engineer,1992-12-05,9999-01-01,1
222319,Matt,Chvatal,Senior Engineer,1994-11-09,9999-01-01,1
222354,Valdiodio,Schlumberger,Engineer,2001-08-07,9999-01-01,1
222616,Badri,Schapire,Assistant Engineer,1998-01-19,9999-01-01,1
222770,Kazuhiko,Kushner,Senior Engineer,1995-08-01,9999-01-01,1
222878,Annemarie,Zallocco,Senior Engineer,1996-05-27,9999-01-01,1
222926,Limsoon,Erol,Senior Engineer,1997-12-31,9999-01-01,1
222952,Gopalakrishnan,Suermann,Senior Engineer,1998-04-30,9999-01-01,1
222998,Leaf,Awdeh,Senior Staff,1991-02-20,9999-01-01,1
223593,Hidefumi,Moehrke,Staff,1998-03-04,9999-01-01,1
223595,Chiranjit,Dredge,Technique Leader,1999-09-05,9999-01-01,1
224135,Annemarie,Bressoud,Engineer,1998-06-23,9999-01-01,1
224335,Perry,Chachaty,Senior Engineer,1992-07-22,9999-01-01,1
224390,True,Shobatake,Senior Staff,1996-05-17,9999-01-01,1
224934,George,Miake,Senior Staff,1996-01-02,9999-01-01,1
225438,Remmert,Quaggetto,Senior Staff,1997-04-28,9999-01-01,1
225601,Masasuke,Genin,Engineer,1999-06-25,9999-01-01,1
225788,Ipke,Kieras,Engineer,1995-12-18,9999-01-01,1
225867,Ramalingam,Remmele,Senior Engineer,1999-09-03,9999-01-01,1
225964,Mooi,Cooman,Senior Engineer,1998-06-07,9999-01-01,1
226216,Giordano,Gini,Technique Leader,1993-08-14,9999-01-01,1
226227,Herbert,Erva,Senior Engineer,1995-09-06,9999-01-01,1
227354,Gio,Murtha,Senior Engineer,1994-11-11,9999-01-01,1
227476,Macha,Schnabel,Senior Engineer,1996-05-11,9999-01-01,1
227681,Mikhail,Rousseau,Staff,1998-11-30,9999-01-01,1
227899,Garnik,Luce,Staff,1998-09-15,9999-01-01,1
227901,Francesca,Azuma,Senior Staff,2001-06-08,9999-01-01,1
228098,IEEE,Kroll,Engineer,1997-05-10,9999-01-01,1
228248,Yuriy,Plump,Senior Staff,1995-09-09,9999-01-01,1
228554,Bilhanan,Brendel,Senior Staff,1990-12-23,9999-01-01,1
228766,Nahla,Smailagic,Senior Engineer,1996-11-21,9999-01-01,1
229098,Berry,Yurek,Senior Staff,1995-08-16,9999-01-01,1
229220,Fabrizio,Lichtman,Senior Engineer,1992-02-09,9999-01-01,1
229248,Harjit,Terekhov,Staff,1995-10-19,9999-01-01,1
229386,Pohua,Tasistro,Technique Leader,1989-06-02,9999-01-01,1
229391,Paloma,Henseler,Senior Engineer,1997-06-10,9999-01-01,1
229404,Gilbert,Kilgour,Staff,1996-04-05,9999-01-01,1
229547,Moni,Schach,Senior Staff,1991-07-04,9999-01-01,1
229727,Ewing,Millington,Engineer,1999-09-28,9999-01-01,1
229981,Jamaludin,Fordan,Senior Engineer,2001-02-05,9999-01-01,1
230002,Tadahiro,Backhouse,Senior Engineer,1999-10-02,9999-01-01,1
230126,Bezalel,Radivojevic,Senior Staff,1995-07-03,9999-01-01,1
230287,Renny,Alameldin,Assistant Engineer,1997-09-28,9999-01-01,1
230354,Yinghua,Lorho,Senior Staff,2000-08-08,9999-01-01,1
230498,Kolar,Puppo,Senior Engineer,1998-04-25,9999-01-01,1
230579,Shahar,Negoita,Senior Staff,2000-03-18,9999-01-01,1
230689,Dietrich,Crabtree,Senior Staff,1986-05-24,9999-01-01,1
230865,Takushi,Brattka,Staff,1999-03-09,9999-01-01,1
231069,Trygve,Siksek,Staff,1995-11-09,9999-01-01,1
231459,Nectarios,Pramanik,Assistant Engineer,1999-11-18,9999-01-01,1
231671,Chandrasekaran,Pearson,Staff,1995-04-14,9999-01-01,1
231798,Goetz,Alvarado,Senior Engineer,1997-12-25,9999-01-01,1
232178,Etsuo,Anandan,Senior Staff,1996-12-13,9999-01-01,1
232209,Nitsan,Rouquie,Senior Engineer,1995-08-02,9999-01-01,1
232697,Barry,Ramsak,Senior Engineer,1999-09-07,9999-01-01,1
232723,Tesuya,Bugrara,Engineer,2002-02-13,9999-01-01,1
233114,Alselm,Gargeya,Senior Engineer,1987-12-25,9999-01-01,1
233394,Khalid,Lenart,Engineer,1995-12-24,9999-01-01,1
233397,Fay,Sundgren,Senior Staff,1998-07-07,9999-01-01,1
233426,Etsuo,Usery,Senior Engineer,2000-03-01,9999-01-01,1
233690,Cedric,Riefers,Engineer,1994-09-08,9999-01-01,1
233759,Zissis,Lodder,Engineer,1999-09-25,9999-01-01,1
233765,Kotesh,Chachaty,Senior Engineer,1997-03-24,9999-01-01,1
233785,Baziley,Ballarin,Senior Staff,1995-07-28,9999-01-01,1
233818,Kellie,Heydon,Senior Engineer,1991-11-11,9999-01-01,1
234195,Luerbio,Terkki,Senior Staff,1998-05-14,9999-01-01,1
234739,Foong,Aamodt,Senior Engineer,1986-06-28,9999-01-01,1
235017,Irena,Dratva,Senior Staff,1999-09-07,9999-01-01,1
235096,Sverrir,Gyimothy,Senior Staff,1992-03-20,9999-01-01,1
235325,Gro,Prochazka,Senior Engineer,1998-10-16,9999-01-01,1
235368,Anneli,Joslin,Senior Engineer,1987-04-12,9999-01-01,1
235458,Gio,Heuser,Senior Staff,1999-06-29,9999-01-01,1
235729,Henk,Anger,Senior Staff,2002-01-19,9999-01-01,1
235780,Sampalli,Bergere,Senior Engineer,1994-04-08,9999-01-01,1
235793,Jayesh,Spinelli,Senior Engineer,1992-07-18,9999-01-01,1
236315,IEEE,Raczkowsky,Technique Leader,1996-07-24,9999-01-01,1
236566,Yechezkel,Maginnis,Senior Staff,2000-12-11,9999-01-01,1
236591,Insup,Reinhard,Senior Staff,1993-04-08,9999-01-01,1
236827,Almudena,Rijckaert,Senior Engineer,1999-02-16,9999-01-01,1
236883,Huan,Olivero,Staff,1999-11-19,9999-01-01,1
236964,Adel,Foote,Staff,1998-08-19,9999-01-01,1
238112,Miomir,Frezza,Technique Leader,1991-05-25,9999-01-01,1
238252,Uno,Suppi,Staff,1996-12-27,9999-01-01,1
238422,Vishv,Angelov,Senior Staff,1996-03-08,9999-01-01,1
238949,Minghong,Cronin,Senior Staff,1987-10-04,9999-01-01,1
239067,Tadahiko,Pocchiola,Staff,1996-04-02,9999-01-01,1
239244,Abdulla,Kitai,Senior Staff,1996-02-20,9999-01-01,1
239415,Susumu,Brender,Senior Engineer,2001-04-17,9999-01-01,1
239426,Vesna,Fairtlough,Engineer,1994-08-09,9999-01-01,1
239664,Sugwoo,Michaels,Senior Engineer,1999-08-03,9999-01-01,1
239706,Arunas,Bugrara,Assistant Engineer,1997-04-03,9999-01-01,1
239748,Bilhanan,Dusink,Senior Staff,1996-06-04,9999-01-01,1
239803,Oscal,Ernst,Senior Staff,1997-05-19,9999-01-01,1
240132,Mizuhito,Kobara,Senior Staff,2001-08-09,9999-01-01,1
240236,True,Tischendorf,Senior Engineer,1992-01-19,9999-01-01,1
240285,Kolar,Greenaway,Staff,1998-11-14,9999-01-01,1
240340,Mack,Staylopatis,Senior Engineer,1991-04-02,9999-01-01,1
240438,Temple,Cyre,Senior Staff,1999-10-01,9999-01-01,1
240870,Francesca,Chorvat,Senior Staff,1993-03-03,9999-01-01,1
241100,Cedric,Molenaar,Senior Engineer,1999-10-06,9999-01-01,1
241254,Jagoda,Anguita,Senior Engineer,1993-05-11,9999-01-01,1
241292,Uri,Lampe,Senior Staff,1994-10-17,9999-01-01,1
241567,Emran,Miara,Senior Engineer,1995-05-02,9999-01-01,1
241667,Atilio,Olivero,Senior Engineer,1992-09-04,9999-01-01,1
241728,Limsoon,Boudaillier,Senior Engineer,1995-08-12,9999-01-01,1
241872,Bluma,Fetvedt,Senior Staff,1997-02-02,9999-01-01,1
242019,Herb,Murrill,Senior Engineer,1999-09-27,9999-01-01,1
242081,Tomokazu,Pargas,Engineer,2001-11-15,9999-01-01,1
242104,Richara,Sudkamp,Senior Staff,1994-09-05,9999-01-01,1
242500,Bingning,Iisaku,Senior Staff,1997-06-26,9999-01-01,1
242800,Kazuyasu,Levergood,Engineer,1996-02-10,9999-01-01,1
243018,Bowen,Deverell,Senior Staff,1998-12-27,9999-01-01,1
243077,Kazunori,Perz,Senior Engineer,1999-02-25,9999-01-01,1
243576,Abdulah,Lodder,Senior Staff,2001-11-10,9999-01-01,1
243637,Marjo,Delgrange,Senior Staff,1996-06-23,9999-01-01,1
243898,Arch,Basawa,Staff,1998-05-10,9999-01-01,1
244308,Mokhtar,Rebaine,Senior Staff,2000-07-22,9999-01-01,1
244605,Masoud,Suwa,Senior Staff,1997-11-25,9999-01-01,1
244624,Boaz,Seuren,Senior Staff,1994-03-27,9999-01-01,1
244711,Rosli,Butner,Engineer,1997-03-19,9999-01-01,1
244714,Poorav,Clouatre,Senior Engineer,1996-05-06,9999-01-01,1
244820,Shigenori,Hertweck,Senior Engineer,1994-04-13,9999-01-01,1
244873,Arunachalam,Oppitz,Senior Staff,1994-05-20,9999-01-01,1
245164,Filipp,Winter,Senior Engineer,2001-10-24,9999-01-01,1
245396,Gift,Bottner,Senior Staff,2002-03-04,9999-01-01,1
245664,Manohar,Kilgore,Staff,1998-11-17,9999-01-01,1
246146,Zhongwei,Melski,Senior Engineer,1993-09-03,9999-01-01,1
246244,George,Casperson,Staff,2000-01-20,9999-01-01,1
246364,Alper,Tiemann,Engineer,1998-10-29,9999-01-01,1
246764,Shuzo,Czaja,Staff,1997-11-29,9999-01-01,1
246798,Tianruo,Strooper,Senior Staff,1999-10-28,9999-01-01,1
246902,Shih,Shanbhogue,Staff,1998-04-19,9999-01-01,1
247089,Seongbae,Schahn,Senior Staff,1997-12-10,9999-01-01,1
247122,Xiaobin,Narlikar,Senior Staff,1999-02-14,9999-01-01,1
247447,Tzu,Bakhtari,Senior Engineer,1999-03-18,9999-01-01,1
247456,Masako,Bahk,Engineer,1997-07-31,9999-01-01,1
247612,Chiranjit,Constantine,Engineer,1997-05-25,9999-01-01,1
247875,Xiong,Anick,Senior Staff,1991-04-23,9999-01-01,1
247888,Abdelghani,Lagarias,Senior Engineer,1992-09-06,9999-01-01,1
248256,Sajjan,Falby,Staff,1996-08-29,9999-01-01,1
248351,Jaana,Milicia,Senior Staff,1985-06-02,9999-01-01,1
248758,Snehasis,Muhlberg,Senior Staff,1999-07-16,9999-01-01,1
248953,Percy,Sudbeck,Assistant Engineer,1996-08-29,9999-01-01,1
249239,Hideyuki,Decleir,Senior Engineer,1994-05-04,9999-01-01,1
249325,Ute,Pokrovskii,Staff,1997-06-09,9999-01-01,1
249433,Ayonca,Matzov,Senior Engineer,1997-06-03,9999-01-01,1
249504,Dmitry,Velardi,Senior Engineer,2000-02-29,9999-01-01,1
249780,Nechama,Gaughan,Senior Engineer,1996-01-16,9999-01-01,1
249799,Jolita,Neimat,Senior Engineer,1999-12-27,9999-01-01,1
249866,Steen,Gubsky,Senior Staff,1998-01-14,9999-01-01,1
249969,Georgi,Luiz,Senior Engineer,1999-06-10,9999-01-01,1
250411,Ranga,Sommen,Senior Staff,1996-01-21,9999-01-01,1
250452,Alexius,Plavsic,Senior Engineer,2000-01-17,9999-01-01,1
250748,Kish,Turnbull,Senior Engineer,1994-02-10,9999-01-01,1
251166,Hinrich,Hooghiemstra,Senior Staff,1993-10-05,9999-01-01,1
251233,Yucel,Bernini,Senior Engineer,1998-02-19,9999-01-01,1
251301,Pintsang,Impagliazzo,Senior Staff,1989-05-06,9999-01-01,1
251341,Divier,Kumaresan,Senior Staff,1998-12-05,9999-01-01,1
251403,Utpal,DuBourdieux,Technique Leader,1997-11-19,9999-01-01,1
251437,Shichao,Iwayama,Engineer,1996-10-17,9999-01-01,1
251645,Bezalel,Tsunoo,Senior Staff,2001-06-17,9999-01-01,1
251680,Moty,Sommen,Senior Engineer,1990-08-14,9999-01-01,1
251814,Mitsuyuki,Zockler,Technique Leader,1998-09-14,9999-01-01,1
252185,Chaosheng,Conta,Engineer,2002-04-14,9999-01-01,1
252316,Gill,Niizuma,Senior Engineer,1999-10-08,9999-01-01,1
252392,Sanjeeva,Peron,Senior Engineer,1999-12-26,9999-01-01,1
253029,Thodoros,Thimonier,Engineer,1995-04-05,9999-01-01,1
253707,Insup,Hainaut,Staff,1998-02-11,9999-01-01,1
253838,Stafford,Terlouw,Assistant Engineer,1999-02-21,9999-01-01,1
253893,Huiqun,Trystram,Senior Engineer,1993-05-10,9999-01-01,1
254044,Gunilla,Brendel,Senior Engineer,2000-04-10,9999-01-01,1
254399,Armond,Lores,Technique Leader,1999-09-16,9999-01-01,1
254821,Tonny,Couchot,Staff,1994-12-12,9999-01-01,1
255466,Huan,Roccetti,Senior Engineer,1985-07-03,9999-01-01,1
255657,Oldrich,Cyre,Senior Engineer,1994-02-10,9999-01-01,1
255779,Heejo,Merle,Technique Leader,1997-09-04,9999-01-01,1
256216,Halsur,Brodal,Engineer,1997-11-22,9999-01-01,1
256856,Hongzue,Barbanera,Senior Staff,1995-06-17,9999-01-01,1
256881,Ioana,Jakobus,Senior Engineer,1999-08-10,9999-01-01,1
256888,Heather,Pehl,Staff,1993-09-15,9999-01-01,1
257062,Stabislas,Pardalos,Senior Engineer,1997-06-21,9999-01-01,1
257378,Pascal,Bernatsky,Senior Staff,1995-09-04,9999-01-01,1
257469,Anyuan,Hanratty,Senior Staff,1996-01-06,9999-01-01,1
257484,Shaowei,Nicolson,Senior Staff,1995-12-07,9999-01-01,1
258028,Mountaz,Reinhart,Engineer,2000-01-21,9999-01-01,1
258124,Mariusz,Zolotykh,Senior Staff,1990-07-28,9999-01-01,1
258470,Weiwu,Butner,Staff,1995-02-14,9999-01-01,1
258643,Przemyslawa,Esposito,Senior Engineer,2001-02-26,9999-01-01,1
259042,Xiaoqiang,Farrow,Staff,1997-01-01,9999-01-01,1
259237,Palash,Gammage,Senior Staff,1994-10-23,9999-01-01,1
259273,Xiahua,Gomatam,Senior Engineer,1989-12-01,9999-01-01,1
259611,Shuichi,Marrakchi,Senior Staff,1990-08-21,9999-01-01,1
259619,Conal,Magliocco,Senior Staff,1992-05-09,9999-01-01,1
259718,Stepehn,Bouloucos,Senior Staff,1997-09-16,9999-01-01,1
260153,Mingdong,Baar,Technique Leader,1991-10-14,9999-01-01,1
260249,Vugranam,Beausoleil,Staff,1998-05-14,9999-01-01,1
260361,Reinhold,Rahier,Engineer,1995-06-06,9999-01-01,1
260399,Hatem,Birsak,Senior Staff,1995-04-10,9999-01-01,1
260408,Sasan,Brookner,Senior Staff,2001-09-03,9999-01-01,1
260501,Dzung,Pargas,Technique Leader,1990-05-17,9999-01-01,1
261184,Masako,Kornatzky,Senior Engineer,1987-08-29,9999-01-01,1
261631,Jianhua,Huttel,Engineer,1998-02-23,9999-01-01,1
261662,Berni,Assaf,Senior Staff,1989-09-08,9999-01-01,1
261737,Mark,Lindqvist,Senior Engineer,1997-11-22,9999-01-01,1
261986,Gila,Ramsak,Senior Engineer,1997-05-13,9999-01-01,1
261990,Volkmar,Czaja,Senior Staff,1998-04-01,9999-01-01,1
262208,Mrinalini,Holburn,Senior Staff,1987-04-20,9999-01-01,1
262210,Chinho,Bottner,Senior Engineer,1999-07-30,9999-01-01,1
262328,Mayuko,Vural,Staff,1997-12-24,9999-01-01,1
262439,Lorien,Lagarias,Senior Staff,1994-10-10,9999-01-01,1
262636,Tamiya,Reutenauer,Senior Engineer,1985-06-02,9999-01-01,1
262752,Pramod,Bierman,Engineer,1997-12-12,9999-01-01,1
262928,Piyush,Gill,Senior Engineer,1998-08-31,9999-01-01,1
263012,Hideo,Buchter,Staff,1999-05-01,9999-01-01,1
263186,Danny,Lowrie,Technique Leader,1995-09-13,9999-01-01,1
263370,Shakhar,Ranze,Staff,1999-05-29,9999-01-01,1
263439,Atreye,Kabayashi,Senior Engineer,1986-12-15,9999-01-01,1
263645,Mingsen,Lally,Senior Engineer,1990-12-04,9999-01-01,1
263649,Mechthild,Zongker,Senior Staff,1993-07-26,9999-01-01,1
263926,Fusako,Schwartzbauer,Senior Staff,1993-04-07,9999-01-01,1
264030,Zdislav,Solares,Engineer,1998-12-14,9999-01-01,1
264167,Baoqiu,Tomescu,Senior Engineer,1996-05-01,9999-01-01,1
264322,Leandro,Swist,Senior Staff,1997-01-05,9999-01-01,1
264626,Noritoshi,Bakhtari,Senior Staff,1998-02-03,9999-01-01,1
264939,Bogdan,Bahi,Senior Engineer,1992-02-10,9999-01-01,1
265039,Navid,Staudhammer,Senior Staff,2000-10-18,9999-01-01,1
265521,Kensei,Salverda,Senior Engineer,2001-05-25,9999-01-01,1
265558,Susuma,Kleiser,Senior Staff,1994-08-02,9999-01-01,1
265794,Miquel,Halloran,Senior Staff,2002-01-14,9999-01-01,1
265875,Fan,Marsiglia,Senior Engineer,1997-09-03,9999-01-01,1
266206,Zsolt,Anily,Senior Staff,1991-08-19,9999-01-01,1
266249,Sumant,Nishimukai,Senior Staff,1991-03-28,9999-01-01,1
266310,Zvonko,Serdy,Senior Staff,1992-06-23,9999-01-01,1
266644,Anwar,Gubsky,Senior Staff,1999-08-09,9999-01-01,1
266862,Mart,Plumb,Senior Staff,1986-04-21,9999-01-01,1
266881,Mokhtar,Sabnani,Senior Staff,1997-08-28,9999-01-01,1
267059,Moie,Tempesti,Senior Staff,2000-06-28,9999-01-01,1
267227,Susuma,Tagansky,Senior Engineer,2001-01-21,9999-01-01,1
267304,Jordanka,Axelband,Senior Staff,1994-06-27,9999-01-01,1
267667,Irena,Kaiserswerth,Senior Staff,1994-09-05,9999-01-01,1
268043,Narain,Mikschl,Engineer,1997-11-02,9999-01-01,1
268191,LiMin,Teitelbaum,Senior Engineer,1995-11-01,9999-01-01,1
269728,Naftali,Kragelund,Senior Staff,1993-05-15,9999-01-01,1
270084,Ulises,Frolund,Senior Staff,1993-07-26,9999-01-01,1
270716,Shunichi,Baer,Staff,1998-02-04,9999-01-01,1
270794,Dannz,Zhang,Senior Staff,1991-06-26,9999-01-01,1
271106,Taisook,Kampfer,Engineer,1997-11-30,9999-01-01,1
271219,Odoardo,Tyugu,Engineer,1994-11-07,9999-01-01,1
272141,Tsutomu,Neiman,Senior Staff,1993-05-05,9999-01-01,1
272285,Gully,Mitchem,Senior Staff,1995-01-22,9999-01-01,1
272316,Surveyors,Muhling,Engineer,1999-07-19,9999-01-01,1
272452,Mitsuyuki,Isard,Engineer,1996-08-17,9999-01-01,1
272599,Holgard,Hegner,Senior Staff,1998-07-15,9999-01-01,1
272860,Minghong,Candan,Assistant Engineer,1994-02-10,9999-01-01,1
273159,Divine,Hofmeyr,Technique Leader,1989-04-14,9999-01-01,1
273286,Brigham,Asmuth,Senior Engineer,1996-01-24,9999-01-01,1
273396,Wayne,Baba,Engineer,1998-03-07,9999-01-01,1
273806,Hongzhu,Beetstra,Senior Staff,2000-01-24,9999-01-01,1
273858,Gunilla,Matzen,Senior Staff,1995-12-28,9999-01-01,1
274071,Mingsen,Weiland,Staff,1995-10-12,9999-01-01,1
274271,Prodip,Ritcey,Senior Staff,1993-09-10,9999-01-01,1
274369,Ranga,Waymire,Senior Staff,1997-01-27,9999-01-01,1
274813,Yefim,Pettey,Senior Staff,2000-08-07,9999-01-01,1
275158,Satyanarayana,Brandsma,Engineer,1999-12-08,9999-01-01,1
275263,Vojin,Laventhal,Senior Engineer,1999-10-18,9999-01-01,1
275444,Limsoon,Leppanen,Senior Engineer,2000-01-22,9999-01-01,1
275495,Shen,Yamaashi,Staff,1995-02-19,9999-01-01,1
275801,Ayakannu,Heinisuo,Senior Staff,1986-06-28,9999-01-01,1
275881,Jiann,Munro,Senior Engineer,1988-05-18,9999-01-01,1
275994,Uma,Prampolini,Senior Engineer,1998-02-21,9999-01-01,1
276027,Holgard,Stavenow,Senior Staff,1995-02-28,9999-01-01,1
276184,Mari,Swick,Senior Staff,1991-04-08,9999-01-01,1
276186,Sajjad,Vecchi,Senior Staff,1998-06-02,9999-01-01,1
276189,Isaac,Klerer,Senior Staff,2000-03-18,9999-01-01,1
276445,Atilio,Randi,Senior Engineer,1994-07-02,9999-01-01,1
276472,Hideyuki,Flanders,Senior Engineer,1994-11-10,9999-01-01,1
276563,Gift,Solares,Senior Staff,1995-08-01,9999-01-01,1
276868,Alois,Sanella,Staff,1998-03-13,9999-01-01,1
277316,Vitali,Rothenberg,Senior Staff,1998-10-04,9999-01-01,1
277362,Uzi,Kugler,Senior Staff,1991-01-12,9999-01-01,1
277420,Rayond,Schach,Senior Engineer,2001-04-21,9999-01-01,1
277777,Herbert,Itzigehl,Senior Engineer,1990-07-04,9999-01-01,1
277829,Michaela,Fandrianto,Senior Engineer,1986-06-02,9999-01-01,1
278239,Boaz,Bottner,Staff,1994-02-06,9999-01-01,1
278386,Caolyn,Poujol,Technique Leader,1995-12-03,9999-01-01,1
278452,Sudhanshu,Toyoshima,Senior Staff,1993-08-28,9999-01-01,1
278536,Munenori,Shobatake,Senior Staff,1999-01-10,9999-01-01,1
278549,Jaana,Werthner,Senior Staff,1997-07-27,9999-01-01,1
278953,Jeanna,Ghandeharizadeh,Senior Engineer,1990-08-11,9999-01-01,1
279115,Maren,DuCasse,Engineer,1997-11-29,9999-01-01,1
279280,Niranjan,Debuse,Senior Engineer,2001-09-21,9999-01-01,1
279791,Chiranjit,Lyonns,Engineer,1995-12-24,9999-01-01,1
280070,Niteen,Ebeling,Senior Staff,1993-03-29,9999-01-01,1
280291,Lenore,Badache,Staff,1998-11-24,9999-01-01,1
280420,Jahangir,Hofting,Senior Staff,1993-09-28,9999-01-01,1
280525,Kish,Herbst,Staff,1996-08-18,9999-01-01,1
280648,Heeju,Lorys,Senior Engineer,1992-12-26,9999-01-01,1
281570,Zijian,Covnot,Assistant Engineer,1994-09-13,9999-01-01,1
281692,Khosrow,Sommen,Senior Engineer,1990-03-03,9999-01-01,1
281848,Parke,Staylopatis,Senior Engineer,1999-07-31,9999-01-01,1
281859,Masanao,Papastamatiou,Senior Engineer,1993-11-25,9999-01-01,1
282191,Alper,Shinomoto,Engineer,1997-10-20,9999-01-01,1
282333,Nahla,Serdy,Senior Staff,2000-09-09,9999-01-01,1
282343,Xinglin,Haldar,Senior Staff,1993-07-20,9999-01-01,1
282547,Nahum,Codenie,Engineer,1999-06-14,9999-01-01,1
282585,Zijian,Lammel,Staff,1996-07-01,9999-01-01,1
282894,Fay,Bellmore,Senior Engineer,1998-05-03,9999-01-01,1
284300,Ishfaq,Mahmud,Senior Staff,1996-11-28,9999-01-01,1
284431,Pintsang,Fujisawa,Senior Staff,2002-04-16,9999-01-01,1
284561,Duri,Beznosov,Senior Engineer,1988-02-15,9999-01-01,1
284687,Oksana,Redmiles,Senior Engineer,1992-06-22,9999-01-01,1
284691,Theron,Ressouche,Senior Engineer,1994-08-17,9999-01-01,1
284711,Martijn,Azevdeo,Senior Engineer,1988-02-10,9999-01-01,1
284717,Gal,Ranta,Senior Engineer,1997-11-07,9999-01-01,1
284856,Moto,Kobara,Senior Engineer,1998-12-12,9999-01-01,1
284954,Anneke,Hammerschmidt,Engineer,1996-01-30,9999-01-01,1
285164,Xiaocheng,Kumaresan,Staff,1994-10-03,9999-01-01,1
285396,Lena,Kohling,Senior Engineer,1991-10-04,9999-01-01,1
285905,Kellyn,Bage,Senior Staff,1994-11-04,9999-01-01,1
285906,Arnould,Buescher,Engineer,1998-03-26,9999-01-01,1
286026,Utpal,Zaumen,Senior Staff,1997-02-24,9999-01-01,1
286029,Jaques,Nanard,Staff,1996-07-16,9999-01-01,1
286370,Toshimitsu,Seuren,Senior Staff,2000-01-19,9999-01-01,1
286452,Behnaam,Bierbaum,Engineer,1999-01-31,9999-01-01,1
286573,Nahum,Nishimukai,Senior Engineer,1997-02-01,9999-01-01,1
286779,Sigeru,Versino,Engineer,1998-08-31,9999-01-01,1
286986,Woody,Trelles,Senior Engineer,1996-05-23,9999-01-01,1
287323,Steve,Dengi,Staff,1999-09-15,9999-01-01,1
287327,Youjian,Felder,Senior Staff,2000-07-15,9999-01-01,1
287334,Elliott,Speer,Engineer,1998-08-08,9999-01-01,1
287482,Shigeaki,Gihr,Senior Engineer,2002-03-18,9999-01-01,1
287583,Jovan,Hockney,Senior Engineer,1997-06-21,9999-01-01,1
287609,Sailaja,Negoita,Senior Engineer,2000-01-19,9999-01-01,1
287713,Aamod,Ranka,Senior Staff,1992-12-07,9999-01-01,1
287808,Vidar,Ozeki,Technique Leader,1996-06-17,9999-01-01,1
287983,Randi,Munos,Senior Staff,1990-09-07,9999-01-01,1
287984,Troy,Kobuchi,Senior Engineer,1999-02-12,9999-01-01,1
288028,Kauko,Narwekar,Senior Engineer,1994-12-16,9999-01-01,1
288142,Shay,Heystek,Senior Staff,1995-04-01,9999-01-01,1
288166,Masoud,Asmuth,Staff,1994-09-05,9999-01-01,1
288560,Yifei,Birjandi,Senior Staff,1999-02-07,9999-01-01,1
288563,Cristinel,Gerlach,Senior Engineer,2001-01-08,9999-01-01,1
288606,Susumu,Swiss,Senior Staff,1996-11-14,9999-01-01,1
288665,Horward,Khasidashvili,Senior Engineer,1998-11-19,9999-01-01,1
288893,Bedrich,Rosenbaum,Senior Engineer,1998-01-27,9999-01-01,1
289454,Bowen,Narwekar,Senior Engineer,1985-03-08,9999-01-01,1
289687,Fai,Maccarone,Senior Staff,1993-10-30,9999-01-01,1
289807,Soenke,Lemarechal,Senior Staff,2000-09-03,9999-01-01,1
289909,Hilari,Vecchio,Senior Staff,1998-04-24,9999-01-01,1
290009,Zijian,Rindone,Senior Staff,1997-07-09,9999-01-01,1
290075,Boalin,Byoun,Senior Staff,1996-09-30,9999-01-01,1
290284,Kwangjo,Menhardt,Engineer,1996-01-11,9999-01-01,1
290441,Gregory,Collavizza,Senior Staff,1993-09-08,9999-01-01,1
290467,Shaowen,Poulakidas,Senior Staff,1992-04-14,9999-01-01,1
290478,Tsvetan,Sherertz,Engineer,1998-08-07,9999-01-01,1
290563,Shigehiro,Oxenboll,Senior Engineer,1986-02-26,9999-01-01,1
290769,Lalit,Blokdijk,Senior Engineer,1999-02-01,9999-01-01,1
291352,Danai,Trelles,Technique Leader,1992-04-17,9999-01-01,1
291612,Siamak,Gomatam,Engineer,1998-07-08,9999-01-01,1
291669,Faiza,Bach,Engineer,1999-09-13,9999-01-01,1
292110,Menkae,Showalter,Senior Engineer,2001-08-09,9999-01-01,1
292146,Khatoun,Pulkowski,Engineer,1998-01-11,9999-01-01,1
292210,Masaru,Huhdanpaa,Senior Engineer,2001-11-23,9999-01-01,1
292404,Hongzue,Zultner,Senior Staff,1990-02-22,9999-01-01,1
292504,Georgi,Bednarek,Senior Engineer,2002-03-02,9999-01-01,1
292515,Bernd,Thummel,Engineer,1998-08-03,9999-01-01,1
292828,Ziya,Tokunaga,Senior Engineer,1995-01-08,9999-01-01,1
293080,Hideyuki,Slaats,Senior Staff,1987-05-30,9999-01-01,1
293154,Syozo,Maliniak,Senior Staff,1992-11-09,9999-01-01,1
293280,Moti,Steenbeek,Senior Engineer,1993-01-21,9999-01-01,1
293329,Fumiya,Griswold,Senior Engineer,1994-06-12,9999-01-01,1
293746,Sanjay,Litecky,Senior Engineer,2000-08-26,9999-01-01,1
293752,Jungsoon,Bail,Senior Staff,1994-02-18,9999-01-01,1
294144,Takanari,Ermel,Senior Staff,1999-01-11,9999-01-01,1
294241,Marl,Fiebach,Senior Staff,2000-07-25,9999-01-01,1
294446,Claudi,Ruemmler,Staff,1999-08-13,9999-01-01,1
294461,Siddarth,Rosiles,Senior Engineer,1985-11-18,9999-01-01,1
294527,Ashish,Candan,Senior Staff,1992-02-02,9999-01-01,1
294652,Hironobu,Brodie,Senior Engineer,1993-09-17,9999-01-01,1
294791,Vesna,Lammel,Assistant Engineer,1999-10-08,9999-01-01,1
294857,Caolyn,Ozeri,Senior Engineer,1993-07-29,9999-01-01,1
295030,Fun,Keirsey,Senior Staff,1985-07-09,9999-01-01,1
295236,Kauko,Fujisawa,Senior Engineer,1992-09-12,9999-01-01,1
295254,Xuejun,Pfau,Senior Staff,1993-07-24,9999-01-01,1
295255,Jacopo,Bellone,Technique Leader,1988-03-13,9999-01-01,1
295262,Moon,Pews,Assistant Engineer,1994-08-06,9999-01-01,1
295268,Eben,Calkin,Senior Staff,2001-12-19,9999-01-01,1
295278,Val,Barvinok,Senior Engineer,2000-01-02,9999-01-01,1
295411,Chiranjit,Serot,Staff,1997-04-04,9999-01-01,1
295857,Kankanahalli,Ciolek,Senior Staff,1998-12-26,9999-01-01,1
296062,Shaz,Driscoll,Staff,1998-10-03,9999-01-01,1
296303,Mariangiola,Heyers,Technique Leader,1992-08-04,9999-01-01,1
296428,Charmane,Simmen,Senior Staff,1997-03-07,9999-01-01,1
296664,Dipayan,Geffroy,Senior Engineer,1987-09-17,9999-01-01,1
296687,Palash,Spieker,Senior Staff,1996-05-10,9999-01-01,1
296718,Kamakshi,Bahl,Senior Engineer,1987-12-22,9999-01-01,1
297232,Lokesh,Saoudi,Senior Staff,1999-05-25,9999-01-01,1
297431,Cathie,Ratnakar,Senior Staff,1996-06-23,9999-01-01,1
297474,Irena,Terkki,Staff,1998-03-11,9999-01-01,1
297905,Marc,Bahl,Assistant Engineer,1997-06-18,9999-01-01,1
297954,Sailaja,Fujisaki,Assistant Engineer,1995-07-24,9999-01-01,1
298339,King,Benzmuller,Senior Engineer,1995-09-04,9999-01-01,1
298577,Florina,Litecky,Senior Staff,1994-12-02,9999-01-01,1
298953,Zita,Syang,Staff,1998-12-29,9999-01-01,1
299346,Fumitake,Sichman,Senior Staff,1991-02-21,9999-01-01,1
299580,Luisa,Itzfeldt,Engineer,1997-01-23,9999-01-01,1
299718,Denny,Shobatake,Senior Staff,2002-06-22,9999-01-01,1
299737,Patricio,Itzfeldt,Senior Staff,1994-05-21,9999-01-01,1
400046,Hilari,Christ,Senior Staff,1991-01-19,9999-01-01,1
400358,Angus,Jullig,Senior Engineer,1997-04-13,9999-01-01,1
400683,Kamakshi,Manders,Staff,1995-08-05,9999-01-01,1
400780,Poornachandra,Asser,Engineer,1993-11-07,9999-01-01,1
400796,Bodo,Halevi,Engineer,1996-05-30,9999-01-01,1
401154,Danae,Kragelund,Senior Staff,1993-05-19,9999-01-01,1
401278,Oguz,Schurmann,Engineer,1995-11-11,9999-01-01,1
401333,Martins,Shokrollahi,Senior Engineer,1991-11-04,9999-01-01,1
401420,Florian,Uhrig,Senior Staff,1987-01-31,9999-01-01,1
401574,Yannik,Falco,Technique Leader,1988-01-15,9999-01-01,1
402025,Shigehito,Duclos,Senior Engineer,1992-09-19,9999-01-01,1
402102,Kersti,Granlund,Engineer,1995-03-19,9999-01-01,1
402664,Subhada,Janetzko,Senior Engineer,1987-01-25,9999-01-01,1
402718,Jeanna,Rettelbach,Senior Engineer,1996-02-14,9999-01-01,1
402827,Weidon,Pollacia,Senior Staff,1996-02-27,9999-01-01,1
403010,Toshimitsu,Sluis,Senior Engineer,1985-02-18,9999-01-01,1
403621,Deborah,Kaminger,Senior Staff,1997-06-04,9999-01-01,1
403644,Krisda,Hainaut,Senior Staff,2000-07-07,9999-01-01,1
403954,Jeanna,Bratten,Senior Engineer,1997-07-26,9999-01-01,1
404018,Valery,Babb,Senior Engineer,1998-10-19,9999-01-01,1
404236,Zengping,Kakkar,Senior Engineer,1996-07-22,9999-01-01,1
404462,Anestis,Setlzner,Senior Engineer,1991-07-13,9999-01-01,1
404573,Eberhardt,Spelt,Staff,1997-07-05,9999-01-01,1
404755,Manu,Junet,Senior Staff,1996-04-19,9999-01-01,1
404788,Basem,Beausoleil,Engineer,1998-03-16,9999-01-01,1
405015,Morris,Fargier,Senior Staff,1996-06-29,9999-01-01,1
405063,Yechezkel,Yurov,Senior Engineer,1998-11-30,9999-01-01,1
406125,Georgi,Portugali,Technique Leader,1987-09-27,9999-01-01,1
406239,Marek,Tomescu,Senior Engineer,2002-05-15,9999-01-01,1
406564,Parviz,Picco,Engineer,1995-04-16,9999-01-01,1
406714,Malu,Ossenbruggen,Senior Staff,1994-11-21,9999-01-01,1
406847,Alexius,Crouzet,Staff,1999-10-05,9999-01-01,1
407522,Tommaso,Raczkowsky,Staff,1996-08-29,9999-01-01,1
407837,Fei,Erez,Senior Engineer,1991-10-15,9999-01-01,1
408019,Shridhar,Chleq,Senior Engineer,1996-03-21,9999-01-01,1
408114,Geoffrey,Ladret,Engineer,1994-01-03,9999-01-01,1
408163,Irene,Sethi,Senior Engineer,1996-09-06,9999-01-01,1
408417,Tsz,Daescu,Staff,1994-01-29,9999-01-01,1
408437,Uno,Solares,Senior Staff,1999-09-22,9999-01-01,1
408447,Mayuri,Werthner,Senior Staff,1999-08-19,9999-01-01,1
408654,Yongqiao,Cochrane,Senior Staff,1991-10-27,9999-01-01,1
408953,Jolita,Claffy,Senior Engineer,1993-12-24,9999-01-01,1
409391,Willard,Verspoor,Engineer,1999-02-28,9999-01-01,1
409798,Dekang,Tsunoo,Technique Leader,1995-01-19,9999-01-01,1
409805,Frazer,Candan,Senior Engineer,1999-03-05,9999-01-01,1
409898,Divier,Ishibashi,Senior Engineer,1994-09-22,9999-01-01,1
410028,Xiadong,McClurg,Senior Staff,1994-09-17,9999-01-01,1
410372,Duri,Mitina,Senior Engineer,1995-03-04,9999-01-01,1
410433,Kazuhisa,Riesenhuber,Senior Engineer,1992-10-06,9999-01-01,1
410616,Gudjon,Kalorkoti,Senior Engineer,1999-04-14,9999-01-01,1
410804,Ronnie,Denos,Senior Engineer,1997-06-08,9999-01-01,1
410881,Koichi,Grabner,Senior Engineer,1990-04-24,9999-01-01,1
411070,Otmar,Brandsma,Senior Engineer,1992-05-27,9999-01-01,1
411082,Martine,Cangellaris,Senior Engineer,1998-04-28,9999-01-01,1
411143,Goncalo,Barbanera,Senior Staff,1996-09-01,9999-01-01,1
412404,Mitsuyuki,Jeansoulin,Senior Engineer,1999-10-28,9999-01-01,1
412757,Leen,Peak,Engineer,1999-11-20,9999-01-01,1
413098,Hsiangchu,Taubenfeld,Senior Staff,1999-04-17,9999-01-01,1
413205,Mototsugu,Prampolini,Senior Staff,1988-06-12,9999-01-01,1
413666,Remco,Duclos,Senior Staff,1996-04-18,9999-01-01,1
413729,Harjit,Ernst,Technique Leader,1992-04-26,9999-01-01,1
413831,Mohamadou,Grabner,Senior Staff,1998-11-25,9999-01-01,1
413832,Marco,Jahnichen,Senior Staff,1995-03-28,9999-01-01,1
414027,Tadanori,Msuda,Senior Engineer,1997-11-06,9999-01-01,1
414091,Wuxu,Kuhnemann,Engineer,1997-08-19,9999-01-01,1
414543,Bernd,Anick,Senior Engineer,1988-11-19,9999-01-01,1
414551,Elliott,Copas,Senior Engineer,1999-09-13,9999-01-01,1
414662,Ipke,Schneeberger,Senior Engineer,1994-09-20,9999-01-01,1
414714,Chinho,Delgrande,Senior Staff,1996-11-07,9999-01-01,1
414814,Dayanand,Wielonsky,Staff,1999-02-15,9999-01-01,1
414897,Juyoung,Willoner,Senior Staff,1994-11-03,9999-01-01,1
415187,Juyoung,Peltason,Assistant Engineer,1998-09-01,9999-01-01,1
415338,Shigeo,Emmart,Assistant Engineer,1995-12-24,9999-01-01,1
415363,Conal,Shackell,Senior Staff,1993-01-25,9999-01-01,1
415563,Mrinalini,Bierbaum,Senior Engineer,1994-03-12,9999-01-01,1
416074,Alain,Lieberherr,Senior Engineer,1996-05-10,9999-01-01,1
416383,Nectarios,Itschner,Senior Engineer,1996-03-01,9999-01-01,1
416420,Adamantios,Heemskerk,Senior Staff,1986-08-08,9999-01-01,1
416492,Kannan,Meriste,Senior Engineer,1992-08-12,9999-01-01,1
416660,Nathalie,Luke,Senior Engineer,1997-09-15,9999-01-01,1
416720,Tokuyasu,Xiaoshan,Senior Engineer,1998-09-19,9999-01-01,1
416877,Gio,Orsini,Senior Staff,1993-12-07,9999-01-01,1
416892,Shooichi,Vandervoorde,Engineer,1996-08-16,9999-01-01,1
417435,Bouchung,Zaumen,Senior Staff,1999-01-29,9999-01-01,1
418239,Josyula,Motley,Senior Engineer,1992-09-05,9999-01-01,1
418247,Oscar,Oppitz,Senior Staff,2001-06-29,9999-01-01,1
418298,Arvin,Pusterhofer,Senior Engineer,2002-03-02,9999-01-01,1
418309,Danel,Petereit,Senior Engineer,1994-02-21,9999-01-01,1
418380,Kazuhiko,Gornas,Senior Engineer,1993-05-20,9999-01-01,1
418566,Kazuhide,Snedden,Senior Engineer,1996-06-14,9999-01-01,1
418606,Michaela,Otillio,Engineer,1994-01-05,9999-01-01,1
418717,Arunachalam,Magliocco,Senior Staff,1992-12-22,9999-01-01,1
418860,Ymte,Dalton,Senior Staff,1997-11-22,9999-01-01,1
419099,Heon,Broomell,Staff,1998-05-06,9999-01-01,1
419953,Ung,Orlowski,Senior Staff,1998-07-22,9999-01-01,1
420086,Susuma,Kitsuregawa,Senior Engineer,1993-05-28,9999-01-01,1
420476,Mariangiola,Bolsens,Senior Staff,1994-06-15,9999-01-01,1
420557,Mabhin,Eastman,Senior Staff,1994-08-02,9999-01-01,1
420694,Frazer,Barbanera,Senior Staff,1991-11-04,9999-01-01,1
420732,Willard,Morrin,Senior Staff,2001-05-27,9999-01-01,1
420759,Raimond,Solovay,Staff,1997-10-03,9999-01-01,1
420765,Shawna,Krider,Senior Staff,1997-03-09,9999-01-01,1
420877,Khosrow,Erez,Senior Staff,1996-02-11,9999-01-01,1
421022,Shigeaki,Butner,Senior Staff,1996-07-13,9999-01-01,1
421033,Garnik,Randt,Senior Staff,1994-12-23,9999-01-01,1
421074,Zhaofang,Falster,Senior Staff,1999-06-29,9999-01-01,1
421312,Mariangiola,Bashian,Engineer,1999-09-18,9999-01-01,1
421384,Renny,Bednarek,Senior Staff,1995-06-01,9999-01-01,1
421755,Shichao,Thiria,Senior Engineer,2001-01-10,9999-01-01,1
422146,Kenton,Miara,Engineer,1999-05-14,9999-01-01,1
422783,Jagoda,Uhrig,Engineer,1995-09-01,9999-01-01,1
423038,Takushi,Strehl,Senior Staff,1988-10-04,9999-01-01,1
423204,Uma,Stranks,Senior Staff,1996-09-12,9999-01-01,1
423208,Joydip,Krone,Engineer,1995-02-08,9999-01-01,1
423214,Tsutomu,Tetzlaff,Senior Staff,1993-09-23,9999-01-01,1
423327,Constantijn,Lichtman,Senior Staff,2001-06-26,9999-01-01,1
423350,Heping,Monarch,Senior Staff,1993-04-15,9999-01-01,1
423633,Mariusz,Tokunaga,Senior Engineer,1985-02-11,9999-01-01,1
423993,Seshu,Kolvik,Technique Leader,1988-12-09,9999-01-01,1
424569,Danco,Luff,Engineer,1997-10-30,9999-01-01,1
424584,Kagan,Dredge,Senior Engineer,2000-02-26,9999-01-01,1
424685,Changho,Veevers,Senior Staff,1997-03-03,9999-01-01,1
424797,Theron,Itschner,Senior Staff,1993-05-16,9999-01-01,1
424805,Jacqueline,Zallocco,Senior Staff,1994-12-17,9999-01-01,1
424930,Xuejun,Reeker,Senior Staff,1997-11-18,9999-01-01,1
424984,Vasilis,Waleschkowski,Engineer,1996-05-26,9999-01-01,1
425437,Moni,Staudhammer,Engineer,1999-03-23,9999-01-01,1
425535,Alagu,Vieri,Senior Staff,1992-08-22,9999-01-01,1
425540,Paddy,Zumaque,Senior Staff,1995-11-12,9999-01-01,1
425757,Yongdong,Jiang,Senior Staff,1990-10-13,9999-01-01,1
425780,Paris,Range,Senior Staff,1997-10-25,9999-01-01,1
425830,Guther,Conia,Engineer,1999-02-13,9999-01-01,1
425875,Jahangir,Kroft,Senior Staff,1995-06-11,9999-01-01,1
426153,Shahaf,Luce,Senior Staff,1999-04-06,9999-01-01,1
426168,Kaijung,Mateescu,Senior Staff,1992-11-17,9999-01-01,1
426228,Supot,Badache,Engineer,1996-08-17,9999-01-01,1
426235,Danco,Rajala,Senior Staff,1996-03-28,9999-01-01,1
426644,Zejun,Broomell,Senior Engineer,2002-01-19,9999-01-01,1
426706,Karsten,Kawashima,Senior Engineer,1999-03-15,9999-01-01,1
426795,Huican,Lunn,Senior Staff,1991-07-23,9999-01-01,1
426818,Gaurav,Fendler,Senior Staff,1997-02-14,9999-01-01,1
426819,Sandeepan,Kulisch,Engineer,1997-05-16,9999-01-01,1
426824,Gopalakrishnan,Mawatari,Senior Staff,1993-10-29,9999-01-01,1
426958,Weijing,Viele,Senior Engineer,1993-10-03,9999-01-01,1
427313,Utpal,Kemmerer,Senior Staff,1991-12-04,9999-01-01,1
427320,Mamdouh,Ramamoorthy,Senior Engineer,2000-01-13,9999-01-01,1
427332,Feiyu,Hemaspaandra,Staff,1995-06-04,9999-01-01,1
427571,Torsten,Ranta,Senior Engineer,1996-12-10,9999-01-01,1
427776,Jaques,Navazio,Senior Staff,1998-04-03,9999-01-01,1
427805,Haldun,Compeau,Senior Staff,1997-10-15,9999-01-01,1
427823,Jaques,Gecsei,Staff,1999-07-13,9999-01-01,1
427852,Adil,Kieras,Senior Engineer,1992-07-20,9999-01-01,1
428082,Ronghao,Alpin,Senior Staff,2000-09-10,9999-01-01,1
428160,Jamaludin,Kalorkoti,Senior Staff,2001-07-14,9999-01-01,1
428195,Hatsukazu,Rosca,Senior Staff,1991-10-13,9999-01-01,1
428219,Ghassan,Androutsos,Senior Staff,1993-12-25,9999-01-01,1
428917,Theron,Billawala,Senior Engineer,2001-02-16,9999-01-01,1
429087,Hugh,Senzako,Technique Leader,1992-10-15,9999-01-01,1
429231,Kazuyasu,Schmiedel,Senior Staff,1991-09-07,9999-01-01,1
429238,Mona,Luck,Senior Staff,1989-05-11,9999-01-01,1
429249,Alassane,Wolniewicz,Senior Engineer,1993-10-06,9999-01-01,1
429316,Seshu,Hiraishi,Senior Staff,2001-08-10,9999-01-01,1
429381,Limsoon,Roohalamini,Senior Staff,1992-11-25,9999-01-01,1
429481,Subhada,Emmerich,Engineer,1996-03-06,9999-01-01,1
429520,Yongqiao,Francisci,Engineer,1999-12-01,9999-01-01,1
429532,Bartek,Vendrig,Senior Staff,1996-11-11,9999-01-01,1
429569,Fumiya,Chappelet,Engineer,1999-09-04,9999-01-01,1
429703,Ung,Honglei,Senior Staff,1993-09-02,9999-01-01,1
429899,Ranan,Marsiglia,Staff,1999-08-13,9999-01-01,1
429954,Renny,Gladwell,Staff,1999-02-27,9999-01-01,1
430054,Erzsebet,Setiz,Senior Engineer,1998-06-10,9999-01-01,1
430558,Xiong,Roisin,Senior Engineer,1995-03-02,9999-01-01,1
430593,Janalee,Lanzelotte,Senior Staff,1997-12-01,9999-01-01,1
430631,Kersti,Marsiglia,Engineer,1994-02-19,9999-01-01,1
430891,Khalil,Gien,Senior Engineer,1991-08-06,9999-01-01,1
431576,Masamitsu,Back,Senior Staff,1994-03-25,9999-01-01,1
431657,Visit,Thiran,Senior Engineer,1991-11-14,9999-01-01,1
431882,Hideo,Varman,Engineer,1997-06-19,9999-01-01,1
431887,Poorav,Ranst,Senior Engineer,1996-06-01,9999-01-01,1
432031,Adamantios,Matzat,Senior Staff,1993-02-28,9999-01-01,1
432034,Arfst,Uehara,Senior Staff,1993-11-15,9999-01-01,1
432121,Alair,Straney,Senior Staff,1992-11-14,9999-01-01,1
432257,Kwangjo,Hiltgen,Engineer,1998-12-22,9999-01-01,1
432261,Arve,Bergere,Senior Engineer,1994-07-28,9999-01-01,1
432399,Nitsan,Nollmann,Senior Engineer,1996-09-09,9999-01-01,1
432523,Takahiro,Maquelin,Engineer,1997-07-21,9999-01-01,1
432665,Flemming,Driscoll,Senior Engineer,1999-06-28,9999-01-01,1
432787,Toshiko,Ibel,Senior Engineer,1996-11-23,9999-01-01,1
432956,Qunsheng,Birrer,Senior Staff,1994-05-13,9999-01-01,1
433059,Bojan,Montresor,Staff,1995-02-04,9999-01-01,1
433157,Tomofumi,Serna,Staff,1999-10-23,9999-01-01,1
433260,Make,Olivero,Engineer,1998-06-01,9999-01-01,1
433438,Keiichiro,Miyakawa,Senior Staff,2000-09-12,9999-01-01,1
434845,Takushi,Skogmar,Senior Staff,1991-06-07,9999-01-01,1
434936,Sahrah,Rosis,Senior Engineer,2000-06-23,9999-01-01,1
435042,Brigham,Borstler,Staff,1995-10-09,9999-01-01,1
435060,Moie,Lieblein,Staff,1996-07-12,9999-01-01,1
435181,Kazuhide,Fiutem,Senior Staff,1998-05-10,9999-01-01,1
435289,Feixiong,Schurmann,Senior Staff,1993-02-14,9999-01-01,1
435305,Berthier,Pramanik,Senior Staff,1999-01-23,9999-01-01,1
435370,Conal,Basart,Senior Staff,1991-05-17,9999-01-01,1
435588,Genta,Pepe,Senior Staff,2002-04-12,9999-01-01,1
435602,Dietrich,Kranzdorf,Senior Staff,2001-10-04,9999-01-01,1
435774,Olivera,Bharadwaj,Senior Staff,2001-04-01,9999-01-01,1
435791,Hercules,Speer,Senior Engineer,1999-03-07,9999-01-01,1
436558,Subir,Greibach,Senior Engineer,1992-05-24,9999-01-01,1
436797,Ohad,Henders,Senior Staff,1996-11-02,9999-01-01,1
436827,Wojceich,Limongiello,Senior Staff,1988-03-10,9999-01-01,1
436915,Feixiong,Haraldson,Staff,1998-10-11,9999-01-01,1
437276,Dines,DeMori,Senior Staff,1994-12-07,9999-01-01,1
437369,Kazuhide,Biran,Senior Staff,1995-01-25,9999-01-01,1
437395,Sumant,Thambidurai,Senior Staff,2000-01-02,9999-01-01,1
437724,Erez,Luft,Staff,1994-12-14,9999-01-01,1
437870,Kerhong,Lorho,Staff,1995-06-18,9999-01-01,1
438038,Lena,Giaccio,Senior Staff,1999-03-17,9999-01-01,1
438264,Rasikan,Barreiro,Senior Staff,2000-09-26,9999-01-01,1
438557,Lidong,Swist,Engineer,1999-09-16,9999-01-01,1
439377,Mari,Plessier,Senior Engineer,1997-07-04,9999-01-01,1
439905,Kousuke,Levasseur,Senior Staff,1996-03-15,9999-01-01,1
439924,Gunilla,Kisuki,Senior Staff,2000-08-13,9999-01-01,1
440325,Douadi,Sullins,Senior Staff,1999-09-25,9999-01-01,1
440435,Sandeepan,Rosti,Senior Engineer,1991-11-26,9999-01-01,1
440450,Tzvetan,Scharstein,Senior Staff,1999-06-16,9999-01-01,1
440642,Snehasis,Kalsbeek,Senior Staff,1997-01-05,9999-01-01,1
440870,Filipp,Hasham,Senior Staff,1999-07-11,9999-01-01,1
440937,Fabrizio,Usery,Senior Staff,1999-10-14,9999-01-01,1
441197,Miquel,Legleitner,Senior Staff,1993-06-28,9999-01-01,1
441536,Chinho,Collette,Senior Engineer,1990-08-07,9999-01-01,1
441954,Leszek,Marchegay,Engineer,1999-06-13,9999-01-01,1
441965,Claudi,Heijenga,Senior Staff,1994-08-30,9999-01-01,1
442002,Ravishankar,Baig,Senior Staff,2000-03-17,9999-01-01,1
442096,Martijn,DiGiano,Senior Engineer,1990-06-15,9999-01-01,1
442312,Zengping,Cusworth,Senior Engineer,1997-06-06,9999-01-01,1
442490,Navid,Luke,Engineer,1994-10-17,9999-01-01,1
442653,Mona,Hebden,Engineer,1995-10-20,9999-01-01,1
442700,Siddarth,Masada,Staff,1997-08-11,9999-01-01,1
442898,Aksel,Gire,Engineer,1999-06-27,9999-01-01,1
443108,Christfried,Atrawala,Senior Staff,1990-07-13,9999-01-01,1
443485,Marke,Klerer,Senior Staff,1990-04-14,9999-01-01,1
443841,Shaw,Kading,Senior Staff,2000-07-16,9999-01-01,1
443873,Vatsa,Ramsay,Senior Staff,2002-02-04,9999-01-01,1
444070,Heping,Skrikant,Senior Staff,1999-11-27,9999-01-01,1
444099,Kousuke,Worfolk,Senior Staff,1997-03-22,9999-01-01,1
444208,Irena,Cesareni,Senior Staff,1985-10-30,9999-01-01,1
444465,Prasadram,Bultermann,Senior Engineer,1997-08-29,9999-01-01,1
444487,Udi,Rullman,Senior Engineer,1994-04-09,9999-01-01,1
444643,Berna,Schonegge,Staff,1998-06-28,9999-01-01,1
445067,Eldridge,Kawashima,Senior Engineer,1997-02-27,9999-01-01,1
445152,Heping,Peac,Senior Staff,1992-03-20,9999-01-01,1
445226,Oscar,Baumann,Senior Engineer,1996-01-22,9999-01-01,1
445570,Van,Nations,Technique Leader,1986-08-11,9999-01-01,1
445723,Gaurav,Roison,Senior Staff,1995-10-22,9999-01-01,1
445941,Masako,Dechter,Technique Leader,1985-09-25,9999-01-01,1
445950,Ebru,Valtorta,Senior Engineer,1997-12-09,9999-01-01,1
446121,Fay,Cochrane,Staff,1999-12-13,9999-01-01,1
446306,Hercules,Kabayashi,Senior Engineer,1991-06-10,9999-01-01,1
446424,DAIDA,Nooteboom,Senior Engineer,1992-11-24,9999-01-01,1
446897,Takahiro,Dalton,Technique Leader,1992-09-30,9999-01-01,1
446959,Aram,Passino,Senior Engineer,1995-01-28,9999-01-01,1
447018,Dannz,Miara,Senior Engineer,2000-12-04,9999-01-01,1
447135,Gennady,Rouquie,Senior Staff,1989-08-24,9999-01-01,1
447232,Aleksander,Schaaf,Senior Staff,2001-05-25,9999-01-01,1
447376,Kirk,Zongker,Staff,1999-12-10,9999-01-01,1
447544,Stabislas,Kakkad,Senior Staff,1989-02-19,9999-01-01,1
447613,Paris,Restivo,Senior Engineer,1991-11-21,9999-01-01,1
447877,Make,Heuser,Senior Engineer,1997-07-02,9999-01-01,1
447931,Martijn,Jeong,Senior Staff,1999-12-14,9999-01-01,1
447966,Kamakshi,Hebert,Senior Engineer,2002-01-17,9999-01-01,1
447982,Shiv,Baezner,Senior Engineer,1996-12-16,9999-01-01,1
447999,Shiv,Vilarrasa,Senior Engineer,1995-08-01,9999-01-01,1
448769,Mong,Dichev,Technique Leader,1997-10-11,9999-01-01,1
448900,Mart,Talmor,Staff,1999-05-11,9999-01-01,1
448918,Chiradeep,Arlazarov,Senior Engineer,1998-10-06,9999-01-01,1
448994,Haldun,Syang,Staff,1997-02-11,9999-01-01,1
449189,Jahangir,Bernatsky,Senior Staff,1995-09-30,9999-01-01,1
449815,Fumitaka,Quittner,Senior Staff,1993-04-20,9999-01-01,1
449984,Hinrich,Perin,Senior Engineer,1993-11-20,9999-01-01,1
450184,Selwyn,Henseler,Senior Engineer,1993-03-09,9999-01-01,1
450255,Udo,Waymire,Technique Leader,1986-06-14,9999-01-01,1
450309,Gill,Orlowska,Technique Leader,1986-12-25,9999-01-01,1
450475,Saeed,Bahl,Senior Staff,1991-01-29,9999-01-01,1
450817,DAIDA,Frolund,Senior Engineer,1996-07-16,9999-01-01,1
450888,Sedat,Rande,Senior Staff,2001-03-24,9999-01-01,1
450934,Chanjung,Raoux,Senior Engineer,1998-05-25,9999-01-01,1
450936,Yuriy,Ponthieu,Senior Staff,1996-12-10,9999-01-01,1
451253,Jaihie,Ozeri,Senior Staff,1997-06-20,9999-01-01,1
451272,Jacopo,Krohm,Senior Engineer,1997-04-23,9999-01-01,1
451275,Bedrich,Isard,Senior Staff,1986-06-07,9999-01-01,1
451333,Radhika,Bonifati,Senior Staff,1995-03-11,9999-01-01,1
452137,Subir,Miake,Senior Engineer,2002-07-11,9999-01-01,1
452206,Arra,Esposito,Staff,1994-11-03,9999-01-01,1
452325,Taiji,Berstel,Senior Engineer,2001-12-02,9999-01-01,1
452347,Shigeichiro,Brattka,Senior Staff,2001-07-13,9999-01-01,1
452365,Fei,Gadepally,Engineer,1997-11-13,9999-01-01,1
452956,Gou,Thombley,Senior Engineer,1987-04-09,9999-01-01,1
452957,Alair,Nanard,Staff,1996-02-10,9999-01-01,1
452982,Lobel,Aloia,Senior Staff,1994-12-29,9999-01-01,1
453070,Aran,Rosenbaum,Senior Staff,2000-04-24,9999-01-01,1
453154,Gao,Lally,Staff,1996-03-01,9999-01-01,1
453644,Berni,Takkinen,Senior Staff,1997-06-08,9999-01-01,1
453688,Chinya,Leslie,Engineer,1995-10-28,9999-01-01,1
453723,Arne,Kohling,Senior Engineer,1993-12-13,9999-01-01,1
453760,Ewing,Rajala,Senior Staff,2001-06-21,9999-01-01,1
453790,Fai,Keirsey,Senior Engineer,1999-10-12,9999-01-01,1
453913,Stein,Perng,Senior Staff,1998-04-29,9999-01-01,1
454338,Mohammed,Georg,Engineer,1998-08-03,9999-01-01,1
454378,Gina,Ossenbruggen,Technique Leader,1998-01-03,9999-01-01,1
454736,Nechama,Ermel,Engineer,1995-06-05,9999-01-01,1
454791,Xiaoqiu,Pietracaprina,Senior Engineer,1994-07-09,9999-01-01,1
454825,Kamakshi,Schusler,Senior Engineer,2001-05-24,9999-01-01,1
454994,Mohan,Picht,Senior Engineer,2000-02-24,9999-01-01,1
455175,Soenke,Zaumen,Senior Staff,1998-02-21,9999-01-01,1
455284,Luisa,Baig,Senior Engineer,2002-07-12,9999-01-01,1
455726,Qiwen,Kriebel,Senior Staff,1992-12-12,9999-01-01,1
455814,Giao,DuCasse,Senior Engineer,1999-07-19,9999-01-01,1
455914,Peer,Angelopoulos,Senior Engineer,1996-07-23,9999-01-01,1
456767,Tetsurou,Schreiter,Senior Staff,1994-07-17,9999-01-01,1
456982,Shounak,Dratva,Senior Engineer,1997-01-05,9999-01-01,1
457070,Gay,Plavsic,Senior Staff,1994-08-06,9999-01-01,1
457146,Jinpo,Heyers,Staff,1999-01-07,9999-01-01,1
457305,Sorina,Lakshmanan,Staff,1994-09-03,9999-01-01,1
457337,Xumin,Beidas,Technique Leader,1995-04-27,9999-01-01,1
457411,Xudong,Peck,Senior Engineer,1988-04-18,9999-01-01,1
457489,Berna,Ranst,Senior Engineer,1992-05-14,9999-01-01,1
457611,Indrajit,Krogh,Engineer,1998-09-18,9999-01-01,1
457776,Florian,Siepmann,Senior Engineer,1996-12-20,9999-01-01,1
457813,Foong,Gargeya,Senior Engineer,2000-01-24,9999-01-01,1
457832,Jackson,Zielinski,Senior Engineer,1997-09-12,9999-01-01,1
457938,Arch,Picco,Senior Staff,2000-06-07,9999-01-01,1
458111,Florian,Tramer,Engineer,1999-11-07,9999-01-01,1
458134,Thanasis,Standera,Senior Staff,1992-03-20,9999-01-01,1
458191,George,Atchley,Staff,1997-07-02,9999-01-01,1
458383,Mabhin,Foote,Engineer,1999-04-23,9999-01-01,1
458726,Shahaf,Kitai,Senior Staff,1991-12-26,9999-01-01,1
458790,Ramya,Azadmanesh,Senior Engineer,1994-11-19,9999-01-01,1
459172,Val,Rissanen,Engineer,1999-11-20,9999-01-01,1
459356,Pramod,Wendorf,Engineer,1998-12-25,9999-01-01,1
459429,Mohit,Verhaegen,Senior Staff,1999-05-28,9999-01-01,1
459685,Hirochika,Goldhammer,Engineer,1998-03-12,9999-01-01,1
460131,Adly,Hambrick,Staff,1997-07-25,9999-01-01,1
460691,Munehiko,Gihr,Senior Staff,1989-12-06,9999-01-01,1
460707,Yoshinari,Lanteri,Senior Engineer,2001-12-25,9999-01-01,1
460920,Remzi,Mitzlaff,Senior Staff,1986-04-06,9999-01-01,1
461120,Shietung,Gelosh,Senior Engineer,2001-03-26,9999-01-01,1
461270,Mrinalini,Mawatari,Staff,1996-01-03,9999-01-01,1
461801,Sumali,Cooman,Senior Staff,2000-02-16,9999-01-01,1
462493,Paloma,Gerlach,Senior Engineer,1994-07-26,9999-01-01,1
462795,Somnath,Cummings,Senior Staff,2002-07-10,9999-01-01,1
463023,Itzchak,Penn,Staff,1999-01-21,9999-01-01,1
463099,Jinxi,Schmiedel,Senior Staff,1996-09-20,9999-01-01,1
463212,Ramya,Rossi,Senior Engineer,1987-03-02,9999-01-01,1
463472,Jaber,Sethi,Technique Leader,1995-06-06,9999-01-01,1
463495,Alenka,Barriga,Senior Staff,1993-05-06,9999-01-01,1
464284,Huiqun,Henders,Senior Staff,1993-05-19,9999-01-01,1
464303,Abdelghani,Nyrup,Senior Staff,1994-08-02,9999-01-01,1
465062,Stafford,Gist,Senior Engineer,1995-05-08,9999-01-01,1
465076,Tokuyasu,Ghelli,Senior Engineer,1993-05-05,9999-01-01,1
465085,Vidar,Gunderson,Senior Staff,1996-03-18,9999-01-01,1
465409,Shahid,Varman,Senior Staff,1993-08-27,9999-01-01,1
465501,Mrinalini,Gire,Senior Staff,2000-11-09,9999-01-01,1
465711,Lakshmi,Frijda,Senior Engineer,1995-04-21,9999-01-01,1
465853,Kwan,Kampfer,Staff,1998-10-16,9999-01-01,1
465874,Herb,Picht,Engineer,1994-05-31,9999-01-01,1
466064,Temple,Danlos,Senior Staff,1994-06-13,9999-01-01,1
466367,Hiroyasu,Strandh,Senior Staff,1997-06-05,9999-01-01,1
466509,Bezalel,Verhoeff,Senior Engineer,1993-03-22,9999-01-01,1
466603,Yechezkel,Nourani,Senior Staff,1996-07-31,9999-01-01,1
466745,Boalin,Birsak,Senior Staff,2000-10-15,9999-01-01,1
467176,Przemyslawa,Borovoy,Senior Staff,1998-06-18,9999-01-01,1
467269,Nahum,Lambe,Technique Leader,1989-08-31,9999-01-01,1
467392,Mariusz,Rikino,Senior Engineer,2001-04-12,9999-01-01,1
467441,Margareta,Bondorf,Senior Engineer,1994-11-07,9999-01-01,1
467591,Kiyotoshi,Hennebert,Staff,1997-09-21,9999-01-01,1
467886,Sivanarayana,Chandrasekhar,Senior Staff,1996-01-24,9999-01-01,1
467918,Tsuneo,Skrikant,Staff,1997-10-21,9999-01-01,1
468360,Huei,Saoudi,Technique Leader,1994-08-10,9999-01-01,1
468417,Kamakshi,Huhdanpaa,Senior Engineer,2001-08-26,9999-01-01,1
468659,Ranga,Lemarechal,Senior Engineer,1997-11-05,9999-01-01,1
468773,Baziley,Brookner,Senior Engineer,1999-09-22,9999-01-01,1
469104,Nadjib,Comellas,Senior Engineer,2002-04-18,9999-01-01,1
469253,Baruch,Basawa,Senior Engineer,2001-09-17,9999-01-01,1
469269,Weiyi,Codenie,Senior Engineer,1996-05-27,9999-01-01,1
469366,Aiman,Wilfing,Senior Engineer,1999-12-30,9999-01-01,1
469399,Hongzhu,Ruemmler,Engineer,1999-02-14,9999-01-01,1
469527,Halsur,Ibel,Staff,1998-03-05,9999-01-01,1
469529,Neven,Rikino,Senior Engineer,1993-10-21,9999-01-01,1
469735,Arif,Stranks,Senior Engineer,1992-11-16,9999-01-01,1
469867,Hein,Jonsson,Senior Staff,1990-02-12,9999-01-01,1
470456,Reuven,Oehlmann,Senior Staff,1994-03-29,9999-01-01,1
470472,Zhiguo,Staudhammer,Senior Engineer,1991-12-03,9999-01-01,1
471397,Nigel,Zirintsis,Engineer,1999-01-03,9999-01-01,1
471532,Feiyu,Decleir,Technique Leader,1998-09-13,9999-01-01,1
471552,Basem,Lortz,Staff,1997-10-25,9999-01-01,1
471911,Arun,Zaccaria,Engineer,1998-05-31,9999-01-01,1
471939,Kazuhiko,Marshall,Staff,1999-11-16,9999-01-01,1
472052,Godehard,Chinal,Assistant Engineer,1995-12-09,9999-01-01,1
472143,Yahiko,Sommen,Senior Staff,1996-08-14,9999-01-01,1
472238,Jungsoon,Gubsky,Senior Engineer,1990-10-09,9999-01-01,1
472790,Zhenbing,Ibel,Senior Engineer,1985-10-29,9999-01-01,1
472950,Weidon,Fordan,Senior Engineer,1986-03-27,9999-01-01,1
473268,Hugo,Sgarro,Senior Staff,1992-04-24,9999-01-01,1
473299,Khaled,Penn,Senior Staff,1999-05-20,9999-01-01,1
473490,Pantung,Reeker,Senior Staff,1998-05-11,9999-01-01,1
473940,Avishai,Majewski,Engineer,1998-01-10,9999-01-01,1
474331,Sugwoo,Eugenio,Senior Staff,1991-10-06,9999-01-01,1
474763,Mayuko,Clouatre,Engineer,1997-09-04,9999-01-01,1
474796,Zongyan,Shackel,Technique Leader,1986-11-09,9999-01-01,1
475087,Genevieve,Snedden,Senior Engineer,1988-10-21,9999-01-01,1
475258,Fumiyo,Feinberg,Senior Staff,1995-11-22,9999-01-01,1
475538,Christophe,Leaver,Staff,1998-10-31,9999-01-01,1
475938,Shigeaki,Lanteri,Senior Engineer,1996-02-18,9999-01-01,1
475965,Rimon,Pietracaprina,Senior Engineer,1990-07-10,9999-01-01,1
476055,Girolamo,Schlumberger,Senior Staff,1998-03-07,9999-01-01,1
476122,Khun,Spieker,Engineer,1995-05-07,9999-01-01,1
476327,Reinhold,Binkley,Senior Engineer,2000-05-28,9999-01-01,1
476361,Doohun,Preusig,Technique Leader,1985-04-13,9999-01-01,1
477350,Terresa,Vigier,Staff,1998-07-08,9999-01-01,1
477578,Marit,Paludetto,Senior Engineer,1998-09-30,9999-01-01,1
477969,Bluma,Mundy,Senior Engineer,2000-10-17,9999-01-01,1
478007,Fumino,Narahara,Senior Engineer,2000-09-20,9999-01-01,1
478170,Doowon,Schoegge,Engineer,2001-05-29,9999-01-01,1
478218,Djenana,Erol,Engineer,1999-01-31,9999-01-01,1
478439,Yuichiro,Bale,Technique Leader,1997-11-04,9999-01-01,1
478768,Arun,Katzenelson,Senior Engineer,1997-10-27,9999-01-01,1
478799,Shaw,Borovoy,Senior Staff,1991-05-11,9999-01-01,1
478833,Pradeep,Valiente,Senior Engineer,1998-09-19,9999-01-01,1
478858,Hidekazu,Perna,Staff,1999-11-08,9999-01-01,1
479024,Ewing,Kalorkoti,Engineer,1996-12-21,9999-01-01,1
479407,Randi,Tomescu,Senior Engineer,2000-11-25,9999-01-01,1
479601,Kayoko,Bahi,Staff,1997-02-19,9999-01-01,1
479695,Masamitsu,Murrill,Senior Staff,2002-06-27,9999-01-01,1
480035,Sukumar,Georg,Senior Staff,1998-03-27,9999-01-01,1
480066,Suebskul,Menhardt,Senior Engineer,1999-07-26,9999-01-01,1
480178,Uinam,Rahier,Senior Staff,1996-02-10,9999-01-01,1
480268,Gaurav,Cheshire,Technique Leader,1989-03-30,9999-01-01,1
480407,Deniz,Bennis,Senior Engineer,1996-06-24,9999-01-01,1
481050,Weiru,Burnard,Senior Staff,1999-10-15,9999-01-01,1
481213,Shigehiro,Haldar,Senior Staff,1999-12-14,9999-01-01,1
481397,Luisa,Chelton,Assistant Engineer,1998-08-13,9999-01-01,1
481764,Teiji,Marrakchi,Senior Engineer,1986-08-26,9999-01-01,1
481790,Haldun,Erie,Senior Engineer,1996-09-12,9999-01-01,1
482335,Kwangyoen,Peck,Engineer,1994-01-16,9999-01-01,1
482354,Jayson,Zockler,Staff,1999-11-06,9999-01-01,1
482755,Jouni,Conia,Senior Staff,1999-10-31,9999-01-01,1
482885,Shaunak,Brizzi,Senior Engineer,2000-09-01,9999-01-01,1
482905,Aral,Hebden,Senior Staff,1991-09-10,9999-01-01,1
482944,Duke,Journel,Senior Staff,1997-10-25,9999-01-01,1
483401,Rosita,Pokrovskii,Senior Staff,1996-08-03,9999-01-01,1
483675,Hausi,Kamber,Senior Engineer,1993-02-15,9999-01-01,1
483825,Marek,Mitchem,Senior Engineer,1992-11-20,9999-01-01,1
483838,Sham,Kavanagh,Assistant Engineer,1997-12-18,9999-01-01,1
483978,Dung,Tanemo,Senior Staff,1995-01-28,9999-01-01,1
484126,Manton,Lueh,Senior Staff,1989-04-07,9999-01-01,1
484142,Perry,Cooman,Senior Staff,1993-04-22,9999-01-01,1
484498,Herbert,Hammerschmidt,Senior Engineer,2001-08-22,9999-01-01,1
484756,Phule,Ruemmler,Senior Engineer,1996-08-08,9999-01-01,1
485253,Gladys,Parhami,Senior Staff,1996-07-20,9999-01-01,1
485489,Keiichiro,Armand,Senior Engineer,1996-12-13,9999-01-01,1
485577,Rafael,Menhoudj,Senior Engineer,1997-04-27,9999-01-01,1
485579,Munehiro,Iwayama,Senior Engineer,1992-12-15,9999-01-01,1
485799,Yoshimitsu,Litvinov,Senior Staff,1997-11-22,9999-01-01,1
485817,Mahmut,Bolotov,Engineer,1995-01-10,9999-01-01,1
486068,Yefim,Bernardeschi,Senior Staff,2001-06-26,9999-01-01,1
486808,Geoffrey,Siochi,Senior Engineer,1998-12-27,9999-01-01,1
486918,Yagil,Remmers,Senior Staff,1994-11-01,9999-01-01,1
486956,Matt,Ruemmler,Engineer,1993-10-14,9999-01-01,1
486958,Tonny,Kropf,Senior Engineer,1992-07-29,9999-01-01,1
487008,Zhigen,Raney,Senior Staff,1993-05-26,9999-01-01,1
487505,Uno,Jayawardene,Senior Staff,1993-11-01,9999-01-01,1
487988,Ekawit,Schaft,Senior Staff,1999-05-20,9999-01-01,1
488095,Francoise,Hegner,Senior Staff,1997-12-23,9999-01-01,1
488142,Denis,Narlikar,Senior Staff,1997-06-30,9999-01-01,1
488482,Kensyu,Tsunoo,Engineer,1999-12-05,9999-01-01,1
488540,Breannda,Maquelin,Senior Staff,1996-04-12,9999-01-01,1
488619,Georgy,Bennis,Engineer,1998-04-11,9999-01-01,1
488693,Jiong,Zultner,Senior Engineer,1993-03-10,9999-01-01,1
488707,Mihalis,Remmers,Senior Staff,1996-02-29,9999-01-01,1
488752,Nimmagadda,Baja,Senior Staff,2002-02-09,9999-01-01,1
488788,Wuxu,Garigliano,Senior Staff,1997-09-21,9999-01-01,1
488984,Kendra,Junet,Senior Staff,1993-02-28,9999-01-01,1
489755,Matk,Chorvat,Senior Staff,2000-12-29,9999-01-01,1
489756,Kersti,Miculan,Senior Staff,1999-06-10,9999-01-01,1
489928,Satoru,Janetzko,Assistant Engineer,1997-07-26,9999-01-01,1
490551,Lalit,Lindqvist,Engineer,1998-11-07,9999-01-01,1
490557,Luise,Vigier,Senior Engineer,2001-07-01,9999-01-01,1
490568,Zita,Reistad,Senior Engineer,1998-07-23,9999-01-01,1
490720,Younwoo,Samarati,Senior Engineer,1996-08-19,9999-01-01,1
491079,Kwangsub,Keirsey,Senior Engineer,1992-02-04,9999-01-01,1
491162,Panayotis,Hempstead,Senior Engineer,1994-08-29,9999-01-01,1
491478,Gill,Varman,Senior Staff,1996-06-18,9999-01-01,1
491596,Charmane,Pargas,Senior Engineer,1993-07-29,9999-01-01,1
491632,Gadiel,Perly,Senior Staff,1994-10-20,9999-01-01,1
492000,Valeska,Cools,Senior Staff,1999-12-16,9999-01-01,1
492052,Udo,Ratnakar,Staff,1999-11-30,9999-01-01,1
492217,Heekeun,Verhaegen,Senior Engineer,1991-09-28,9999-01-01,1
492639,Sanjoy,Porenta,Engineer,1997-07-10,9999-01-01,1
492677,Goetz,McAffer,Senior Engineer,1994-02-04,9999-01-01,1
493031,Hironoby,Jakobus,Senior Staff,1996-07-29,9999-01-01,1
493048,Muzhong,Berztiss,Senior Staff,2001-01-22,9999-01-01,1
493096,Sachem,Msuda,Engineer,1995-04-07,9999-01-01,1
493744,Leni,Kropatsch,Senior Engineer,1997-07-17,9999-01-01,1
494019,Morrie,Iisaku,Senior Staff,1999-05-06,9999-01-01,1
494088,Phule,Dahlbom,Senior Engineer,1997-02-06,9999-01-01,1
494493,Masasuke,Koprowski,Staff,1996-11-20,9999-01-01,1
494995,Yongmao,Pouyioutas,Senior Staff,1996-08-24,9999-01-01,1
496100,Pranjal,Reinhard,Staff,1995-05-08,9999-01-01,1
496970,Giordano,Maquelin,Senior Engineer,1999-12-31,9999-01-01,1
496978,Danco,Debuse,Senior Staff,1998-09-10,9999-01-01,1
497007,Oldrich,Adachi,Senior Engineer,2002-04-03,9999-01-01,1
497174,Sanjiv,Bressoud,Senior Engineer,1998-04-27,9999-01-01,1
497340,Fayez,Keohane,Senior Staff,1990-09-19,9999-01-01,1
497391,Paris,Lieblein,Engineer,1999-05-19,9999-01-01,1
497835,Shuho,Laurillard,Technique Leader,1999-10-06,9999-01-01,1
498185,Caolyn,Marciano,Senior Engineer,1999-06-06,9999-01-01,1
498337,Naraig,Docker,Staff,1997-05-17,9999-01-01,1
498456,Geraldo,Gerteisen,Senior Staff,1993-06-04,9999-01-01,1
498635,Florian,Pezzoli,Senior Staff,1997-07-22,9999-01-01,1
498838,Sanjay,Ciolek,Senior Staff,1998-12-13,9999-01-01,1
498845,Arumugam,Pelc,Senior Engineer,1999-11-13,9999-01-01,1
498955,Nechama,Kandlur,Senior Engineer,2002-01-16,9999-01-01,1
499194,Padma,Delgrange,Senior Staff,1998-01-02,9999-01-01,1
499260,Danae,Honglei,Engineer,1998-09-14,9999-01-01,1
499495,Baoqiu,Kakkar,Engineer,1999-08-30,9999-01-01,1
